id,transition_count,hr_rise_events,avg_hr_rise_bpm,median_hr_rise_bpm,avg_hr_rise_bpm_per_min,hr_drop_events,avg_hr_drop_bpm,median_hr_drop_bpm,avg_hr_drop_bpm_per_min
9D87641F-2BB8-40A6-8F40-DAAAC2C6EB15,155,140.0,3.346105968383631,2.7777777777777857,1.6730529841918156,136.0,-0.7034491707238102,0.11111111111111427,-0.9379322276317471
BD3DB5FA-70B0-47E1-A2A6-2BD8444D80B3,97,93.0,0.918578588629413,0.46190476190474783,0.4592892943147065,94.0,-4.903436929277034,-2.8989898989899245,-6.537915905702712
D2A76A13-D33B-4528-BA1B-B88B4AB168DB,131,129.0,4.811446199708399,2.8888888888888857,2.4057230998541996,129.0,-2.4154173434295565,-1.9516908212560224,-3.220556457906075
2C3444E8-5EC6-4312-812C-ED6C3995FF10,95,89.0,4.10695795315624,2.706349206349188,2.05347897657812,87.0,-2.1011282233873554,-1.9583333333333428,-2.801504297849808
4ABB7AF2-FB62-4109-8C97-50B01EE32488,123,104.0,0.6763123449778197,0.6805555555555571,0.33815617248890983,100.0,-4.592756737667887,-3.1458333333333286,-6.123675650223852
4DC6E959-F624-4768-A0F3-6BE9DDE6541D,118,114.0,2.0018134289644567,-0.7083333333333286,1.0009067144822283,113.0,-3.3276148380182122,-1.0238095238095468,-4.436819784024283
F3D4F5CF-11E2-4138-9E12-0F6EC42B5ACB,101,100.0,-0.8869091947283357,-2.8313492063492163,-0.44345459736416787,100.0,-1.5901580560530666,-0.75,-2.120210741404089
D1B1FAD8-59A4-4671-8480-305CDF4FC8FF,145,142.0,1.7455121831237912,0.7944444444444514,0.8727560915618956,140.0,-5.4745392040484795,-3.239473684210523,-7.299385605397973
8B5C8532-FE81-4BFE-A14B-C21BDC771E7B,126,114.0,1.5746025994257493,0.09166666666666856,0.7873012997128747,118.0,-1.7739117076490056,-1.3611111111111143,-2.3652156101986734
D3649D92-F875-42FF-AD02-C724A940096C,95,90.0,6.205805497802245,2.1597222222222285,3.1029027489011227,90.0,-5.9153237458047885,-2.509803921568647,-7.887098327739717
4E70BF8E-058B-4EDE-9BF9-221BA58486EF,137,136.0,1.1126358380694985,-0.02255639097742801,0.5563179190347493,137.0,-5.6491025656736,-4.202614379084963,-7.532136754231466
1090A8AB-7FBC-42D6-A58C-9E513DCDF919,94,88.0,2.8740113025482015,0.9166666666666856,1.4370056512741007,88.0,-4.319797188428611,-3.1446428571428484,-5.759729584571482
1BFF6F09-86E5-4B71-B6B2-5B0B3442EC1C,71,66.0,0.8212969695919025,1.0908333333333218,0.41064848479595123,66.0,1.8539231114000458,-0.16785714285714448,2.471897481866727
2F6D74A6-9332-4C8D-8EF5-03620AC5C91C,103,101.0,7.3402579313314975,3.9022222222222354,3.6701289656657488,96.0,-6.355874257939516,-3.026718379659563,-8.474499010586023
680256AD-EDE8-424D-AE89-1494920351E3,86,81.0,2.2425456778219726,2.5555555555555713,1.1212728389109863,82.0,-5.418718349718509,-5.135265700483103,-7.224957799624677
E1210E53-775E-45B1-84DB-F460CE575F58,165,159.0,0.8821241272579732,-0.48611111111111427,0.4410620636289866,162.0,-3.0681965418907153,-2.7396135265700536,-4.090928722520954
F5B613B4-571F-4A95-B391-E14B99CCCFE9,127,121.0,6.697691743350252,6.634920634920661,3.348845871675126,120.0,-4.64823099092936,-4.627904040404033,-6.197641321239146
F94E0CF3-4F7F-4403-83EC-AEF347559513,107,103.0,2.6371966267095743,1.547826086956519,1.3185983133547872,101.0,-2.2745313343710585,-0.9583333333333144,-3.0327084458280784
EB582331-047F-42F2-BE4C-425D979F5D51,86,83.0,2.6540101044724693,1.875,1.3270050522362347,82.0,-2.892350138688699,-3.618357487922708,-3.856466851584932
1ABD20EF-DBA3-464E-BD91-4AEF6AFDD9CD,88,80.0,1.0158893367927901,0.49305555555555713,0.5079446683963951,83.0,-2.75017006646093,0.03499999999999659,-3.666893421947906
4942F1B8-FE12-45A6-95B2-DF7753255F13,4,0.0,,,,0.0,,,
BD9091A8-B443-4618-80DC-0687BFCE3022,102,91.0,10.782560542791076,10.206349206349188,5.391280271395538,92.0,-11.537935286393337,-8.571428571428584,-15.383913715191115
DA45607D-0E9F-476B-93B1-1BD4D40F84AB,72,70.0,8.612051221926313,6.611111111111114,4.3060256109631565,69.0,-9.904937064118736,-10.469696969696969,-13.206582752158315
24F0E91D-2614-467A-8E59-3A7FAF8246B7,89,87.0,4.183788128837083,4.569444444444429,2.0918940644185415,89.0,-0.26431604762821015,-1.6805555555555713,-0.3524213968376136
09A85078-C099-45C1-9D79-52C559908D73,99,97.0,3.2078566358032723,1.2739130434782453,1.6039283179016361,98.0,-4.735304213193691,-3.194444444444457,-6.313738950924922
7A3DDC2A-A49A-4E71-82C0-09E9807B0394,87,79.0,2.3404358102520946,3.761363636363626,1.1702179051260473,84.0,-5.743902462234225,-5.111111111111114,-7.658536616312302
0A513861-4AE8-4C61-8242-E555647400C1,50,48.0,7.1447669079582425,3.8067632850241466,3.5723834539791213,47.0,-4.7022132292622585,-3.0138888888888857,-6.269617639016343
8117D545-8806-42B5-AABC-6F20CEFDB0FF,52,49.0,6.271793390335329,3.8055555555555713,3.1358966951676646,52.0,-8.160052857158226,-7.356884057971023,-10.880070476210967
8790A73A-CA2A-4A9E-BACB-A8D4667C5C10,60,58.0,2.219925946193202,1.0416666666666714,1.109962973096601,59.0,-5.421377796937313,-4.9375,-7.228503729249751
6E2810FF-F397-404E-889A-34A3D79CA42F,35,32.0,1.0688359178833777,-0.8416666666666686,0.5344179589416889,34.0,-2.3357956062375322,1.9722222222222214,-3.114394141650043
7B67EE98-4BF9-4F9C-92F1-37D3934E3251,48,36.0,-0.708337209702299,3.2281159420289995,-0.3541686048511495,41.0,-5.391829417310065,-2.9423076923076934,-7.189105889746753
22E99234-1A52-446E-B13E-8A44B73131FE,62,52.0,3.736993615700212,4.650793650793645,1.868496807850106,52.0,-8.675986957042447,-8.880952380952387,-11.567982609389933
7EA43ED3-1916-487B-9569-F57348882481,105,103.0,1.9691866170242212,2.05714285714285,0.9845933085121106,105.0,-5.925919477740438,-3.854545454545473,-7.901225970320585
6213DE36-DE43-4101-81B8-101C8AFB75DF,80,74.0,4.197008602517588,1.1698717948717885,2.098504301258794,78.0,-3.9065267674735638,-0.7584541062801833,-5.20870235663142
5D47834E-9FCF-46BD-AEDC-616B134F5939,78,74.0,3.087358919778829,0.9375,1.5436794598894146,73.0,-4.048054544129195,-2.4250000000000114,-5.397406058838927
25281BF3-5976-4CD1-92D7-66698C29EECE,82,80.0,3.393584089129375,2.100378787878782,1.6967920445646876,81.0,-0.8760419838532411,-0.125,-1.1680559784709872
1F203D30-1DB9-422F-8563-BE2C124291B6,83,79.0,3.239054162983715,1.3822222222222251,1.6195270814918574,81.0,-2.9732089003391926,-4.305555555555543,-3.96427853378559
A579C5EE-2F0A-417A-AF08-B57D23791BF3,109,102.0,5.459123908725044,1.4749999999999943,2.729561954362522,99.0,-4.132215072417884,0.25,-5.509620096557178
F8D6E08E-72FD-480D-A1B0-BE1E64F091AB,66,57.0,3.022852413069626,0.11363636363635976,1.511426206534813,56.0,-9.717429837070743,-9.203804347826093,-12.956573116094324
A32ADE83-8E2A-4457-8AD0-08B828F30E4D,99,89.0,2.2012860518447024,-0.285714285714306,1.1006430259223512,91.0,-5.4733448373397735,-4.385714285714272,-7.297793116453031
727896DF-2EDF-44AF-8708-809B5407831E,42,34.0,3.894156912694397,2.664999999999992,1.9470784563471986,32.0,-3.6951421187949363,-2.8622009569377838,-4.926856158393248
CD733C99-195F-4DCA-A3CE-1F0AEA125764,111,109.0,6.401257455605002,1.0833333333333428,3.200628727802501,110.0,-6.1793343527701765,-2.6231884057970944,-8.239112470360235
04BE8CF2-28F6-4A37-BFD0-B8B326266789,135,134.0,1.1592055184973766,0.5797101449275317,0.5796027592486883,134.0,-2.5827387674477182,-1.8115981240981398,-3.4436516899302907
156ABB6C-7EDF-47CC-9D27-EA174877627D,68,65.0,0.06917540393230166,-1.9869565217391312,0.03458770196615083,67.0,-1.0237318574370815,-1.4000000000000057,-1.3649758099161087
8C753D26-2ACD-421F-A4AD-B0F15651AB39,79,66.0,1.4742694638840905,1.4527777777777757,0.7371347319420453,68.0,-3.0498796742928054,-1.5998188405797151,-4.066506232390408
F6B24AB8-94F3-435D-BE8D-5886050A6C67,105,95.0,-1.0896945553983526,-0.3333333333333428,-0.5448472776991763,96.0,-1.7371142550744245,-0.2400000000000091,-2.316152340099232
49CF4F09-8A2E-4D4E-9E27-07B689A9B591,102,97.0,3.850561771433461,0.3809523809523796,1.9252808857167305,98.0,-3.860593562159625,-3.0972222222222285,-5.147458082879499
FEEC7051-ED3D-4C2B-9378-AC17EA21FD23,56,52.0,0.12315185105394186,-1.2728174603174622,0.06157592552697093,50.0,-4.454047395442684,-4.7526315789473585,-5.9387298605902465
AE90A86D-0B9B-45DD-A086-E1D74B93A5B9,1,0.0,,,,1.0,-6.933333333333323,-6.933333333333323,-9.244444444444431
5FA03CBF-5FAF-429B-B079-D42F8058929D,89,86.0,2.984036620047739,0.5418478260869506,1.4920183100238695,87.0,-2.260438657557151,0.375,-3.0139182100762016
DC22272E-7660-4B05-9BA7-A85654095501,19,18.0,1.3707652787362907,-1.5625,0.6853826393681454,19.0,1.6398690566997172,0.5666666666666629,2.1864920755996224
FA1796AC-90F3-4A79-8A05-91BCE427A893,86,79.0,4.1470735390302345,1.2916666666666572,2.0735367695151172,80.0,-5.0112790083405985,-2.078333333333333,-6.68170534445413
EBD851AD-4D05-48F8-8CE7-2F4754F6E1B2,104,99.0,-0.6143580066771633,-1.198757763975152,-0.30717900333858167,97.0,-1.6261828241836593,-1.289999999999992,-2.1682437655782127
D284BEC0-90C9-42EE-9234-0AC97117DFFE,100,85.0,5.419822026046819,6.300000000000011,2.7099110130234094,83.0,-5.607539506554478,-4.088888888888874,-7.476719342072639
30C23E2A-A594-4070-9125-C811412D1DF2,133,132.0,2.3900088159632165,0.17500000000001137,1.1950044079816082,133.0,-6.768925886655087,-6.333333333333314,-9.025234515540115
42D61728-39E0-4929-9664-131ADA81762B,94,87.0,2.134880336090781,-0.39130434782609314,1.0674401680453904,86.0,-3.600758987965363,-0.4005270092226709,-4.801011983953819
E0C25000-B184-43B2-98DD-B2604E4554CB,10,8.0,5.36979166666667,3.625,2.684895833333335,6.0,-12.559259259259262,-14.25,-16.745679012345683
8F9B072C-F22E-4C35-B55F-306B77817578,91,84.0,3.346848251990623,1.9619047619047763,1.6734241259953115,79.0,-2.5972299088859576,-2.805555555555543,-3.462973211847942
B1E7E0FE-2A10-47BD-9911-D7454D7AD617,80,77.0,2.6227566984883413,1.4720496894409791,1.3113783492441706,78.0,-6.305951733084424,-1.7763888888888886,-8.407935644112566
CBAA70C4-64FD-4BB9-8B47-62D53A834CBA,44,43.0,7.548520711958526,1.7361111111111143,3.774260355979263,44.0,-11.664956878966704,-10.599999999999994,-15.553275838622271
6731D303-05C2-408C-AF80-C27DCFE03A07,115,95.0,1.6514685122608925,0.8571428571428612,0.8257342561304463,98.0,-3.629019036676835,-4.084821428571416,-4.838692048902448
1DDD3873-F8F3-4B4A-923C-EA19F3BC43E7,72,66.0,3.314419453332494,3.433471359558311,1.657209726666247,65.0,-3.129460784046501,-3.0,-4.172614378728668
D5C4CC16-97C6-46E1-A649-821A73003D30,96,94.0,0.9675761808915753,1.5763888888888857,0.48378809044578763,95.0,-1.451490002251515,0.055555555555542924,-1.9353200030020197
5B02AC2F-B7F3-4B93-935C-09C66B2305CB,103,94.0,3.460660293071754,4.07058823529411,1.730330146535877,94.0,-4.221465045388135,-2.6218434343434325,-5.6286200605175125
7C4722FE-8A46-430B-AB7A-449035B753FB,105,104.0,2.9922200842953117,1.259661835748787,1.4961100421476559,105.0,-4.94729831619216,-3.4975845410627926,-6.59639775492288
B43218E2-8BF3-4031-8AD3-BDF01441C5D1,112,108.0,4.591150411953198,3.8333333333333286,2.295575205976599,107.0,-4.4983661302290034,-6.618055555555543,-5.997821506972006
DBFEAD1B-2693-4EA9-9244-D5AB7D9AC36A,97,93.0,1.9867148847723877,0.17391304347825098,0.9933574423861938,94.0,-1.6501148317198264,-0.6314009661835769,-2.200153108959769
A9128256-F1C5-4DB6-8D66-68E6170E8BBF,71,63.0,3.2028391901182562,1.4904761904762154,1.6014195950591281,64.0,-8.280214524522485,-5.5277777777777715,-11.040286032696647
B3CC6739-FABC-4DD7-AE55-2A2992845054,92,72.0,2.369011272041682,1.2398989898990038,1.184505636020841,69.0,-4.425947741908197,-4.05263157894737,-5.901263655877596
EDE7E391-1681-4D33-8D84-3D89DD240BAD,75,71.0,4.252959026144478,2.294685990338138,2.126479513072239,72.0,-4.70698482558561,-3.2450396825396837,-6.275979767447478
4B677F15-4FF9-446D-A817-E488608651D8,110,102.0,2.3598070697021547,3.6338888888889045,1.1799035348510774,98.0,-2.737894233743306,-3.868055555555543,-3.6505256449910726
54E36BB7-C5E6-404E-A20A-B83E33015A0D,118,109.0,2.6538793834818715,1.7222222222222285,1.3269396917409357,107.0,-1.857134807564998,-0.4166666666666856,-2.476179743419997
F9D71916-251C-48ED-B051-9AB89656C985,67,54.0,6.36018600548521,4.951388888888886,3.180093002742605,57.0,-14.762896849516144,-14.7777777777778,-19.68386246602153
CD9111F5-A8F5-4440-969A-8D8850D56BA9,112,105.0,-0.9473244892294939,-2.555555555555543,-0.47366224461474693,103.0,0.8675402613907262,2.980676328502426,1.1567203485209685
3DE67630-8EA3-48FB-A7A2-52370F99BB4E,111,106.0,2.721734849889557,1.9955555555555549,1.3608674249447785,106.0,-3.305042081119844,-2.145833333333343,-4.4067227748264575
AAB86792-737D-4DFF-8A48-9F757F8194DE,78,67.0,0.024694427449258587,1.3499999999999943,0.012347213724629293,67.0,-2.948162594033046,-5.0,-3.930883458710729
F513A801-9657-40C4-A581-D701061E3DE5,5,3.0,5.324380521439347,9.32692307692308,2.6621902607196737,4.0,-12.885714285714279,-12.885714285714279,-17.18095238095237
8C2BDF41-ADA4-4C91-B954-02D124066143,92,77.0,-4.360814895613612,-0.845238095238102,-2.180407447806806,78.0,-1.494173929535881,-2.5347222222222143,-1.992231906047841
46287858-318D-4BC5-8C21-C3D176A414B4,65,62.0,4.362797497821763,1.0847222222222257,2.1813987489108815,64.0,-5.779969934490594,-1.3888888888888857,-7.70662657932079
8C4E0E99-DE55-4021-B979-F61F54F0FB44,82,76.0,1.1008111040573276,1.578769841269839,0.5504055520286638,73.0,-4.408323272256228,0.8499999999999943,-5.877764363008306
5E3385DE-EEAE-4584-9BD1-7AB6EAD93708,97,87.0,5.650138610821222,3.536231884057969,2.825069305410611,89.0,-4.973070779471483,-1.7222222222222285,-6.630761039295312
5786F03E-E263-466E-9FD3-AA4187A4F851,95,86.0,0.39519199771867786,0.3333333333333428,0.19759599885933893,89.0,-0.8776996680631459,0.7638888888888857,-1.1702662240841946
A29E2284-617B-4D38-B172-226AAB69B5BE,112,107.0,-0.27995988207313754,-2.125,-0.13997994103656877,111.0,-1.3102967041400877,-0.799999999999983,-1.7470622721867834
85E2BA4C-2B13-4A51-8DED-FD6AEB4EA136,98,0.0,,,,0.0,,,
E8A5A161-27E7-48C9-897A-995D70013183,86,0.0,,,,0.0,,,
D48AABB9-D305-40D1-9317-D490A35265AA,90,0.0,,,,0.0,,,
E1818A10-2A5E-44F2-8C09-4C9270C73167,99,0.0,,,,0.0,,,
0850F8FD-27B9-4830-A5E1-35CC235B0D29,106,0.0,,,,0.0,,,
A32D204D-127A-4714-8EFF-6DFD1F36C577,93,0.0,,,,0.0,,,
AC1AB3C1-3120-44BB-AD65-2BAE34C927B3,118,0.0,,,,0.0,,,
7B12778C-70A8-43A6-9AE2-540689C80654,97,0.0,,,,0.0,,,
3F46DC16-4F3F-4EEE-87C2-4B1DB7D03BEB,108,0.0,,,,0.0,,,
C228312A-0634-48AE-97F7-679252B0A5F8,77,0.0,,,,0.0,,,
BDF02BBA-C7A7-477F-AADD-0C90354038CC,91,0.0,,,,0.0,,,
6EF01302-6CF3-487D-BCE8-558D9EE7296C,111,0.0,,,,0.0,,,
64A7D3E8-B35B-42BA-8390-3A503F5A0672,97,0.0,,,,0.0,,,
B5168454-B6F9-4E80-BCC6-7F3687716223,104,0.0,,,,0.0,,,
DBA9354D-DB7C-46A5-98EA-0794E0FF7438,79,0.0,,,,0.0,,,
3C066F77-15B5-46A1-AD16-DE8A9F039F1E,119,0.0,,,,0.0,,,
7969A38A-FB94-4908-BECD-854558664605,96,0.0,,,,0.0,,,
B0F5F752-AE54-492C-8A06-2E789427EF9B,90,0.0,,,,0.0,,,
40673FFE-92C7-4973-AE06-723AC4812AD7,21,0.0,,,,0.0,,,
F322EF40-A32D-4222-96F8-3112B803BBF5,67,0.0,,,,0.0,,,
C4EBB236-6CB6-4960-AD40-4A2209C84E74,41,0.0,,,,0.0,,,
95E476AC-F363-4BA9-B3E9-E16DB05946FD,80,0.0,,,,0.0,,,
890E7A0E-6076-4BA1-93FA-CC398D40D0EA,82,0.0,,,,0.0,,,
C6D3CDC3-A73A-498A-99C6-FD07F8DAE50C,48,0.0,,,,0.0,,,
FD224FC3-9214-4B67-8E6D-13FBB3FEFEB6,93,0.0,,,,0.0,,,
85635F03-F56F-4A3D-AD7F-097B4465C782,117,0.0,,,,0.0,,,
876754B8-78F5-4321-B207-CE45B134C125,78,0.0,,,,0.0,,,
244AD216-A18F-4309-816F-EC23A04A92E1,84,0.0,,,,0.0,,,
14D36078-203E-4EC7-B683-96D6CEBFB18A,109,0.0,,,,0.0,,,
CB6DAE00-C6BE-487D-AC29-3AA407483E8D,62,0.0,,,,0.0,,,
23A7832F-ECDB-4376-9B44-9261E7792196,125,0.0,,,,0.0,,,
82EA95A1-26A9-4A80-9509-6C8FC9C4D912,122,0.0,,,,0.0,,,
729BBDDD-4123-428E-B948-B79D2A7E8D2F,128,0.0,,,,0.0,,,
75A2FE85-77D8-4F05-902F-E83DCB524CB0,78,0.0,,,,0.0,,,
D7DB5388-DC53-4410-9997-BC09B10FA16D,126,0.0,,,,0.0,,,
5255F63D-C104-4DA1-86FB-3672CD8A56CE,101,0.0,,,,0.0,,,
F3DCA043-BAED-4CA8-BF05-8BF24A97B7EB,121,0.0,,,,0.0,,,
BAD61878-67A3-497F-AAFE-A32E23EB3E83,93,0.0,,,,0.0,,,
01995A03-84A2-4811-82B7-8350C0914C0F,100,0.0,,,,0.0,,,
8F03975A-3FF2-4850-B874-7B493FE980F5,81,0.0,,,,0.0,,,
22A6C669-AFF5-42FB-8FBF-46FDA9817735,96,0.0,,,,0.0,,,
4232926A-B1BA-45D9-B2EA-A21089F71B4C,108,0.0,,,,0.0,,,
07C17340-E55C-45D0-875D-5661C0F11852,121,0.0,,,,0.0,,,
11922A25-30C2-42C1-957D-2AA7A43AE996,103,0.0,,,,0.0,,,
18AFE9FE-FFDB-4A33-A655-6992E0A3CB81,82,0.0,,,,0.0,,,
22259088-F071-4EA1-A047-AE24D4773BC1,100,0.0,,,,0.0,,,
97C65654-7B3B-4E58-A0C0-2F276BC2C047,118,0.0,,,,0.0,,,
D7C636E4-29A2-496C-818F-89E1384FA378,95,0.0,,,,0.0,,,
CCF15A77-C9E9-41DB-9E84-F01EFCE2D046,109,0.0,,,,0.0,,,
2FF448B4-B5E9-410B-8989-1E05E5B2B5A3,110,0.0,,,,0.0,,,
AA5AF956-DD4C-407E-B07C-600856CCDAF6,70,0.0,,,,0.0,,,
B49494CB-8906-4EC6-83BF-BA87D7BB7B8E,109,0.0,,,,0.0,,,
3DFA53A0-44DE-42B9-91C0-2498F9E82C8F,149,0.0,,,,0.0,,,
1E2D3BB1-9CC5-48A3-835D-0F84971F4A83,88,0.0,,,,0.0,,,
7AD4464E-A983-4712-9D4C-651D443A3744,75,0.0,,,,0.0,,,
406F2123-752A-4F32-8D40-99F7E70E7F4C,113,0.0,,,,0.0,,,
8372C1AA-1394-4ED2-926F-4BA0F1BA6D51,117,0.0,,,,0.0,,,
50438C34-9B1E-4326-8E01-15B27F54FBD3,107,0.0,,,,0.0,,,
EB62F104-A230-4F3E-B56F-B17B171963D3,50,0.0,,,,0.0,,,
71CF64BB-B663-4EF1-88A3-758C3612CEC7,68,0.0,,,,0.0,,,
F660CC60-2A69-47E4-8DF5-6204434E16A1,91,0.0,,,,0.0,,,
3FD1B399-DF72-4CE3-B28A-39F60600589D,88,0.0,,,,0.0,,,
8A7CEA23-9BAA-40DA-8F72-6E45FCF7B3BB,27,0.0,,,,0.0,,,
6CB8D0B9-D9DE-4616-BBF1-A89917F0444F,31,0.0,,,,0.0,,,
F35398E3-A99F-46B4-B35E-FCA795984357,118,0.0,,,,0.0,,,
F86B3C55-1A3F-4072-A21F-E335BE607EE8,109,0.0,,,,0.0,,,
746B7C30-65A0-482C-93DD-E20F6F124CD7,94,0.0,,,,0.0,,,
AE41FBEC-A204-474D-A27E-9224414126D8,83,0.0,,,,0.0,,,
E377C593-C191-421E-925C-D44964112D77,110,0.0,,,,0.0,,,
E6C9AB37-F681-40A3-8B5C-5BEB9E01E75D,100,0.0,,,,0.0,,,
D09E705A-B556-47A0-B123-66735A5CD39A,83,0.0,,,,0.0,,,
1364C7B2-6167-4197-94E1-1EB1C4A4BA2C,102,0.0,,,,0.0,,,
CBD33845-DF34-4EA0-9ABC-45AB10A56E24,89,0.0,,,,0.0,,,
6D4D1F76-4FAC-4CB3-B940-08DC8EA14018,123,0.0,,,,0.0,,,
A63B027B-E5EB-4F3A-BB6B-73E812DFC537,93,0.0,,,,0.0,,,
8599379D-A468-4908-83A4-327F004111E4,108,0.0,,,,0.0,,,
05C049D1-C06B-49EE-A126-BCAE0709DD0E,126,0.0,,,,0.0,,,
CBCE0207-40D2-42E2-837A-E72A53E36154,81,0.0,,,,0.0,,,
2B39AF45-C539-452D-9EF7-8E7B7D5E8464,93,0.0,,,,0.0,,,
37F3F816-9354-437B-AE07-4BFA9E790CA4,102,0.0,,,,0.0,,,
F484BD7E-4FCE-42BA-99BA-98B849D9B1CB,90,0.0,,,,0.0,,,
E4060BC6-7F6B-42EC-9A1B-D3B54814FE2F,99,0.0,,,,0.0,,,
A6C7FE1D-05DD-4D39-A07B-BD985B5C68F2,117,0.0,,,,0.0,,,
1F7E3453-3272-4093-A2E7-8C0332A78538,96,0.0,,,,0.0,,,
E3A3C88F-127B-49B5-8CEB-0E432418CF10,23,0.0,,,,0.0,,,
A0D32B45-4F2D-47CA-90DD-187E1E73FDC5,81,0.0,,,,0.0,,,
CB34DCBF-B72A-4FEA-9CD6-B50ED6894137,136,0.0,,,,0.0,,,
242786CB-D197-4807-93D2-8F8C124DE963,46,0.0,,,,0.0,,,
3C80246F-ED21-46B3-9267-F26935812930,75,0.0,,,,0.0,,,
615337D3-82AA-496E-AC94-C784AEC64659,63,0.0,,,,0.0,,,
C9B94B92-68CF-44CD-AC5B-8AD380BCFEFA,77,0.0,,,,0.0,,,
C67532BE-1BCA-4C0B-981B-4E1C711F56F6,150,0.0,,,,0.0,,,
143AC893-F11F-4404-A19A-2B0C0FD4B7AF,81,0.0,,,,0.0,,,
B7D523CF-3ED1-408D-8A18-B79CFEB58B3F,63,0.0,,,,0.0,,,
078FF11C-FBE3-4BA3-B4B7-D01F619F092C,47,0.0,,,,0.0,,,
DA52790B-9940-49FF-9C0E-D1A9015A22BE,118,0.0,,,,0.0,,,
C5FD64E8-2334-4539-97CE-D8FE27DF86E1,89,0.0,,,,0.0,,,
BE3AE2C6-8BC6-4A9F-9312-510BCAE3BE24,110,0.0,,,,0.0,,,
D12347FE-5C0C-4F98-BD41-36E153600989,83,0.0,,,,0.0,,,
043BFAAC-CF8C-42F3-94FF-A6278CA4EA87,77,0.0,,,,0.0,,,
5A1809B8-11B2-4F2D-8E48-047988D2204B,13,0.0,,,,0.0,,,
04F4AE7F-AF12-473F-A2DA-EA2164CEF92C,85,0.0,,,,0.0,,,
1CF6FEE5-4929-4F8A-A283-8058B1AC03FF,96,0.0,,,,0.0,,,
BEB9F967-CAAB-41AD-80D4-1C27385B197A,63,0.0,,,,0.0,,,
589F769D-89FB-4CEA-B3B1-0C1A772063B3,88,0.0,,,,0.0,,,
92B93937-068B-4873-A8B5-6BC0618D0F24,101,0.0,,,,0.0,,,
B39BAFB8-87B8-490A-8BAE-CAFE1F9652D8,74,0.0,,,,0.0,,,
3155875F-A84D-4262-A149-7E1BFBB161A5,126,0.0,,,,0.0,,,
EF0CF059-9966-4710-A42D-494702DB153F,149,144.0,0.4654557968135474,-0.875,0.2327278984067737,147.0,-3.566354593652667,-1.809523809523796,-4.755139458203556
B2BF711F-2821-4F66-83D2-9196C636467A,93,90.0,5.376423791876121,4.325000000000003,2.6882118959380605,92.0,-4.714507545777209,-6.860869565217385,-6.286010061036278
90DE7FAB-871B-4D53-8E55-B74A7544C78E,65,0.0,,,,0.0,,,
8AA94670-13DE-4013-BBEA-4F6FAB5842E8,120,0.0,,,,0.0,,,
E4850E51-FE4D-4D83-8F74-029EB98F4EF8,123,0.0,,,,0.0,,,
FD131227-E5EB-4A5F-9B52-78B6E7A1BB67,81,73.0,1.3140397095459653,1.0999999999999943,0.6570198547729826,76.0,-2.7152793008542444,-1.1583333333333314,-3.6203724011389915
9AC8AFF6-83BA-451F-BE0E-AAFBB5587AD6,69,68.0,-0.5892742743377084,-0.9083333333333314,-0.2946371371688542,69.0,0.650957011018696,-0.6347826086956445,0.8679426813582614
08D1A856-3E89-4FFF-83C3-4E7C6BA7C1C5,0,0.0,,,,0.0,,,
A985C14E-5694-40F1-8F07-6A4504380CFB,74,71.0,2.9586328912793194,3.004830917874415,1.4793164456396597,70.0,-4.576708033716226,-3.604166666666657,-6.102277378288302
8E32D180-2C42-4596-8685-8FD8B19A1C56,113,106.0,3.4487922457201186,2.625000000000007,1.7243961228600593,108.0,-2.1453345443558716,-2.8611111111111143,-2.8604460591411613
29952E67-F9F8-4328-8430-93E255A9D8EA,116,99.0,2.5533926677947454,2.0,1.2766963338973727,100.0,-3.4464269665520892,-2.904411764705884,-4.595235955402784
E3F35A96-7FBD-45A7-A9A5-9DBAFEA22B86,138,136.0,3.3207577994966084,1.7309429700734,1.6603788997483042,136.0,-6.055483032023244,-5.617391304347819,-8.073977376030992
31825C71-A8F1-4366-AAD8-078E536118C5,113,112.0,3.679672524742656,1.6000000000000085,1.839836262371328,113.0,-3.7593785644729447,-1.8611111111111143,-5.012504752630592
2D815ED3-9E9E-4E05-B9E0-76E930233BBB,157,156.0,2.230413049676669,1.3453947368421098,1.1152065248383345,157.0,-2.7237358991122806,-2.1599999999999966,-3.6316478654830413
70DB6C0B-7B11-4897-9ED8-FC021D8E63BA,54,45.0,3.0479079441760586,0.3083333333333229,1.5239539720880293,46.0,-2.3114436372589955,-0.5933333333333408,-3.0819248496786598
BE3D7FCA-04E8-4F52-8634-31C496878569,69,65.0,3.991367550295338,2.9166666666666714,1.995683775147669,69.0,-4.4248901310106215,-2.694444444444443,-5.8998535080141625
DFB1CAB5-BC3A-4A14-8D87-B9EE17AC9F38,95,91.0,0.8808778272154444,-0.3149999999999977,0.4404389136077222,95.0,-0.9897165444121353,-0.48749999999999716,-1.3196220592161803
BEB35005-5E23-4F9A-8BCC-D568D88E311B,36,35.0,9.236998016597951,14.027777777777771,4.618499008298976,36.0,-12.596920094590935,-14.228070175438603,-16.79589345945458
6945CEDC-510A-4EE1-B37F-EA92BF905729,101,100.0,2.549508383956869,0.9491666666666703,1.2747541919784344,101.0,-2.158734555876278,-3.666666666666657,-2.8783127411683695
CEECB1F9-70FA-4967-8911-BF5EBBA49372,96,95.0,5.588587359487034,1.6333333333333542,2.794293679743517,96.0,-6.343523912059736,-4.541666666666671,-8.458031882746315
63DE59A2-CEC2-4BF8-8BE9-30B6E71D952B,108,103.0,4.087859283612322,1.3768115942029056,2.043929641806161,107.0,-6.760669160495868,-6.819444444444429,-9.014225547327824
FE11C9D9-068B-4CBC-A3A1-F825F4B02984,13,11.0,-6.376665637831647,-13.708333333333314,-3.1883328189158235,13.0,-1.012176832829,1.7083333333333428,-1.3495691104386665
DABFF5C1-FB60-4480-879C-6DDE868E4E74,121,102.0,3.033088395454123,2.8402777777777715,1.5165441977270615,103.0,-1.1652862729878366,-1.8055555555555713,-1.5537150306504486
1D15371D-D45E-4B29-AE8E-C6627058335A,128,127.0,2.3247871433889515,0.7753623188405641,1.1623935716944758,128.0,-2.9822625519483545,-0.2902777777777743,-3.9763500692644724
40440D82-0247-4857-923D-8C1D81EB375D,117,48.0,2.285144993081776,5.261413043478271,1.142572496540888,48.0,-3.1749591893613633,-4.645833333333329,-4.233278919148485
6F4EA4D3-A5EA-4833-A20F-3C59B03029F9,151,150.0,2.043039536698576,-1.5100000000000051,1.021519768349288,151.0,-1.0268094852562988,-0.19999999999998863,-1.369079313675065
47C41CFF-100C-4649-A8F8-E5D6062D340F,153,150.0,4.480724154812745,1.7043478260869733,2.2403620774063726,152.0,-1.8874660394032499,-2.7777777777777715,-2.5166213858709994
80F72575-8945-4041-A5E6-4A910EF9676B,83,81.0,3.1809132867709864,8.027777777777771,1.5904566433854932,76.0,-6.421251685291579,-4.1555555555555515,-8.561668913722103
37FBA84C-D1C4-4027-9DD9-A90703434E5E,66,65.0,1.8330927816145224,-2.541666666666657,0.9165463908072612,66.0,-2.8942427361872975,0.8257575757575779,-3.858990314916397
6408984F-DF61-4E81-B654-5D337F8CCC7D,142,140.0,3.7215833656463766,0.4166666666666572,1.8607916828231883,142.0,-1.8443559577654083,-0.8055555555555429,-2.459141277020544
3FFB4BB3-EBD0-4DF0-AEBD-51C1E3BF2F9F,105,97.0,5.898679673924565,0.4444444444444571,2.9493398369622823,102.0,-2.8774311693626595,-3.243055555555557,-3.8365748924835477
C4B61B76-747B-4D3A-97F3-EB2BAE90D1C1,90,85.0,3.3936185034013913,-1.0400000000000205,1.6968092517006956,84.0,-6.788374093743314,-6.087499999999999,-9.051165458324416
202E7581-F328-4DBF-BE77-0559D85B60E1,131,130.0,1.7084271500175383,-2.2839826839826856,0.8542135750087692,131.0,-5.441725391481157,-1.5999999999999943,-7.255633855308207
FD585264-CE90-4128-9689-779E23FB1DC5,152,141.0,2.9115231942565,1.7956521739130267,1.45576159712825,145.0,-3.6391981485810465,-0.904761904761898,-4.852264198108061
567DE34B-361A-47CA-A7C3-7C6407B35CDF,92,91.0,0.4371384140470939,-0.04761904761906521,0.21856920702354696,92.0,-1.8415678975922987,-0.8333333333333428,-2.455423863456397
E3BC0A2B-407E-4592-BAB6-7C7897D37A91,139,138.0,0.9384226548498737,0.055555555555542924,0.4692113274249369,139.0,-3.2718327421334368,-2.3888888888888857,-4.362443656177915
26C08C89-C4C9-4EEE-A6FB-1C328EF2AA85,105,102.0,0.7504328424717531,0.09424603174602453,0.37521642123587656,101.0,-3.312658579065801,-5.458333333333343,-4.416878105421068
847F9954-8DC7-4E49-8BF7-344E53634B43,94,90.0,-0.13956555027874407,-2.3958333333333286,-0.06978277513937203,94.0,-2.3826093733551055,-0.8416666666666686,-3.1768124978068064
72EC8C55-054A-44BE-B3FD-1B4F816869E7,110,107.0,6.395754718629482,3.9298245614035068,3.197877359314741,102.0,-9.013275866657883,-7.572222222222223,-12.017701155543843
E45D252D-9239-4E9F-914F-BEEBBB4497BB,72,68.0,7.710878204896172,3.930555555555557,3.855439102448086,64.0,-9.37368484299834,-7.790854978354979,-12.49824645733112
83F2366B-0A57-4335-B0FA-6CE9DC072A6A,143,142.0,2.951908853207078,-0.5416666666666572,1.475954426603539,143.0,-3.1893514916687,-0.3282828282828234,-4.252468655558266
D9F93B46-EEBF-4D24-90E0-8331CDBBCD11,127,126.0,4.009138044081927,1.9035087719298076,2.0045690220409633,126.0,-3.8402004131326093,-2.450000000000003,-5.120267217510146
A59EAFD1-DE6E-441B-ACB6-1B3FDFEA1927,138,134.0,1.8228443655137698,0.7088888888888931,0.9114221827568849,135.0,-3.444460533824843,-1.9166666666666572,-4.592614045099792
7BB8B6B8-E02B-49F2-B7C4-12CEB93AC7C5,118,117.0,3.710643359198345,2.541666666666657,1.8553216795991725,118.0,-5.690617357833674,-3.243055555555543,-7.5874898104448985
23F7AB8C-D0F7-45CC-8BE5-BA7D45765C2A,114,107.0,5.487510678121157,3.208333333333343,2.7437553390605784,102.0,-2.8057269237462426,-1.5410628019323696,-3.7409692316616576
C31BBE88-3D56-4A5D-BB15-EDC92E7422E1,0,0.0,,,,0.0,,,
FD79D6B9-B516-4CA0-89B2-BB316BCB5772,142,139.0,4.930698035475225,1.1884057971014386,2.4653490177376125,141.0,-5.09732996363404,-2.6944444444444287,-6.796439951512054
0ACBD59B-1CA8-4D6A-A67B-2967B7882D81,70,65.0,4.185270294698349,2.434782608695656,2.0926351473491747,66.0,-8.834645883489296,-6.5300653594771205,-11.779527844652396
A6C202EF-B29F-4390-BD15-B0125FE896D6,127,125.0,1.0886336339683707,0.06222222222223195,0.5443168169841853,126.0,-1.561411164764793,0.009154589371981103,-2.0818815530197243
1E660AEB-7A14-46D7-8E4D-FD74F90314DD,121,120.0,1.3164038659855213,-1.1344444444444406,0.6582019329927606,121.0,-1.004563357887014,0.537142857142868,-1.3394178105160182
C40CAD22-0A3A-4AE2-805D-5C84F1747D97,85,84.0,5.523109421634267,6.883333333333326,2.7615547108171334,85.0,-3.9606540433661848,-6.11184210526315,-5.280872057821581
C02254EB-99E2-4DD1-B7A2-D00D2BDB9C93,150,147.0,2.9781126970265586,-0.6388888888888857,1.4890563485132793,147.0,-1.9709469829385842,-1.5138888888888857,-2.6279293105847783
BD0DDC65-487E-4CF7-BC32-B77A3C3F4F4B,87,84.0,4.361792806883232,2.4090909090909065,2.180896403441616,84.0,-8.736860718376956,-11.194956140350882,-11.649147624502607
FD434C8D-0E31-4FC7-AEF1-7C6C648BE2B1,82,80.0,2.5625082425921626,-0.5661111111111126,1.2812541212960813,82.0,-2.9086945580635932,-3.6527777777778,-3.8782594107514585
4548382D-3829-4ED3-9CBD-F891E1EB3D9D,90,88.0,1.2842486784729727,0.31775362318839484,0.6421243392364864,89.0,-5.537243847636977,-4.144927536231876,-7.382991796849303
6A886D2F-0BC1-4E88-AC46-BE0597992C36,124,116.0,2.3302915998856797,1.814473684210526,1.1651457999428398,112.0,-2.4869372689353817,0.8618421052631504,-3.3159163585805085
487C4225-AC1B-422D-9FE5-19D492E7DEBA,111,102.0,3.5918442051239494,1.431818181818187,1.7959221025619747,93.0,-4.601973185057296,-3.8249999999999886,-6.13596424674306
042099DB-AB74-4ADB-A832-E092F9F68474,1,0.0,,,,1.0,-22.452991452991455,-22.452991452991455,-29.93732193732194
CCB6F4D0-1038-42C1-A001-87C0F45A63C6,104,103.0,3.652893680809404,1.2512077294685753,1.826446840404702,104.0,-4.729277311348335,-1.8055555555555571,-6.305703081797781
4E488DBE-5686-4A4E-BC4C-4DDBBF74F51E,120,115.0,3.0067827421758393,0.6944444444444571,1.5033913710879196,115.0,-4.57159277595398,-2.208333333333343,-6.095457034605306
3B9D1642-DCCE-4CEC-9386-5E42410D36E8,89,86.0,5.112657922209237,1.115338164251213,2.5563289611046187,84.0,-4.595361091940325,-2.0422826086956576,-6.127148122587103
324E8DA5-2D12-4916-9CA4-5166B05CE78A,100,98.0,4.791828415017978,2.3519444444444417,2.395914207508989,100.0,-3.700023480498654,-2.25,-4.933364640664872
4313196C-2E31-454D-A64D-8185308275D9,53,51.0,10.863986065098256,8.555555555555543,5.431993032549128,50.0,-9.578943015476767,-9.97230158730158,-12.771924020635687
555AE5D6-667F-4D5E-816C-BA08094D4ED5,125,122.0,3.539781734588362,1.3273809523809632,1.769890867294181,121.0,-3.3305375171592457,-1.444444444444457,-4.44071668954566
87C74DC4-FBB9-492F-A52F-F09DF7C01940,77,73.0,-2.9844610126443176,-2.180555555555543,-1.4922305063221588,75.0,2.0412054798379615,1.4222222222222172,2.7216073064506157
9C68F9B0-34C8-4CAD-A866-F14FB2518F8C,50,45.0,3.6334266763898393,1.9583333333333428,1.8167133381949196,48.0,-3.550611784019712,-2.2555555555555316,-4.734149045359616
40129A75-76B4-4E75-BBCA-47B73C575127,104,97.0,0.40505663857477775,2.107142857142861,0.20252831928738887,99.0,-2.4099991995248304,-4.6200000000000045,-3.213332266033107
993CADE4-0B48-424C-832F-6FD5D7C14B3D,104,98.0,1.4026714877167736,0.9749999999999943,0.7013357438583868,103.0,-1.561761153769135,-1.1863354037267015,-2.0823482050255135
BC8A92A1-117D-4E4C-A510-02F04ADE9BF4,97,94.0,3.2298925813745973,2.001388888888883,1.6149462906872987,96.0,-2.9864810394052945,-2.4202777777777698,-3.981974719207059
57C52E36-1E93-46D3-BA37-795394D0A228,108,93.0,2.0378197184971216,-0.0695652173913004,1.0189098592485608,95.0,-4.059746277596757,-2.916666666666657,-5.412995036795675
2E58D90E-A2C8-4CEF-B57B-4F4E228767B1,56,52.0,3.54448305793124,1.7967563837129035,1.77224152896562,51.0,-7.52820028919997,-6.013888888888886,-10.037600385599958
03443DC0-797F-4C4A-A5C4-80282E33007E,46,45.0,-0.3073007868643,1.5555555555555713,-0.15365039343215,46.0,-7.758354624438871,-2.7102272727272734,-10.344472832585163
E8796BC2-6892-4DB4-873F-1C370D33FBB9,66,65.0,0.8815597863421936,-0.5217391304347814,0.4407798931710968,65.0,-5.026008404664125,-2.180555555555543,-6.701344539552168
271AE2CC-523A-4CE8-80EC-48DB38B8625A,91,87.0,-0.3426069643160064,1.3611111111111143,-0.1713034821580032,87.0,-3.43007812824243,-3.933333333333337,-4.5734375043232385
E57ACF66-7675-4B6A-A39B-B3E349967D5C,0,,,,,,,,
A2AF0114-3DEB-4B02-B42B-812B52FE7FE0,65,60.0,0.6827251212285373,0.3555555555555543,0.3413625606142687,62.0,-4.77585980597043,-2.5198671497584684,-6.367813074627236
85769989-32A9-4179-83B3-F5286912F567,82,73.0,0.5710561750701649,1.0999999999999943,0.28552808753508246,74.0,-5.811457576633407,-3.19349747474746,-7.748610102177875
2ED466F1-E347-41EA-86C7-391CC81FB67A,0,0.0,,,,0.0,,,
DC12BC7C-B00B-402B-8474-46E311CC2BB6,86,79.0,5.849658814035077,2.4040404040404155,2.9248294070175387,78.0,-4.292399598681141,-2.7240829346092568,-5.723199464908187
8134304F-AF2D-4436-B05D-28AF8355247B,80,75.0,3.2328869159128417,2.208333333333343,1.6164434579564209,79.0,-7.105553668436309,-5.319444444444457,-9.474071557915082
07C3163F-201E-49E5-A1FA-6EA022D4FC52,120,107.0,-1.5014149579122509,-2.461538461538481,-0.7507074789561254,113.0,-1.8153446026898892,-1.7321428571428612,-2.420459470253185
81A533CA-58EC-4299-B8B2-53B5A1FD9BEA,0,0.0,,,,0.0,,,
1FE5CDDD-D6F8-44C7-A007-2F31C32E0251,120,109.0,3.809897527750271,1.1833333333333371,1.9049487638751355,110.0,-4.355117096878587,-1.1597222222222143,-5.806822795838116
722F76A8-B870-4C20-924B-79BE5F74707F,74,69.0,3.3052558297151586,1.341614906832291,1.6526279148575793,67.0,-8.916432924019892,-5.7666666666666515,-11.888577232026522
A6EF97C2-B8EF-4253-A17A-5389EEFF287A,107,94.0,-0.3237126792967367,0.6931818181818201,-0.16185633964836835,96.0,-2.207964043074148,-3.190058479532169,-2.9439520574321976
83E39301-82AA-4D9A-A164-E616FBC189C3,103,97.0,2.955123740948251,1.5550000000000068,1.4775618704741256,97.0,-5.253032756259483,-1.8333333333333428,-7.0040436750126425
9CB9E064-20F8-4A11-9C47-5A76E9179CFF,112,104.0,-0.007976047806075406,-0.5708333333333329,-0.003988023903037703,101.0,-1.5708193096397207,-1.414999999999992,-2.0944257461862943
15DFD47F-A92D-4D85-B114-79CE89677638,82,80.0,7.202321246312691,3.200543478260869,3.6011606231563453,79.0,-6.6857896812854065,-3.958333333333343,-8.914386241713874
74930FB1-7F52-489B-864F-BA68C87E13E6,58,56.0,5.4359067143083575,5.21014492753622,2.7179533571541787,58.0,-10.836553464936598,-12.053571428571416,-14.448737953248799
24BE27F4-6FF6-4B1F-9111-3CB43267E7F0,127,112.0,-1.4828265609903681,-3.6333333333333258,-0.7414132804951841,110.0,-1.0822916089275996,-1.0500000000000114,-1.4430554785701324
F953FB1B-B039-43EA-8700-BD12E52433DD,109,98.0,-0.5418347724737824,0.18333333333333712,-0.2709173862368912,102.0,-1.5937950295354604,-0.9444444444444571,-2.125060039380614
EB7B8863-C6E7-40AB-A149-4234870A63E7,102,99.0,-0.603352737463387,0.3194444444444571,-0.3016763687316935,99.0,-2.29380661027979,-2.9652777777777715,-3.0584088137063876
D57B6A59-C81E-4BCF-B134-450761F7ADC1,99,96.0,0.40186148545820216,-1.368357487922708,0.20093074272910108,96.0,0.38870128617693017,2.1388888888888857,0.5182683815692402
3CA27BED-A427-4AF0-AE95-9EE1775B8A44,75,68.0,4.603106921546752,1.8684210526315752,2.301553460773376,69.0,-7.253745363915144,-6.008333333333354,-9.671660485220192
7416E7C5-8C16-4DC9-9C2F-E8D8395ED8D3,86,79.0,1.2597216985613806,1.1666666666666572,0.6298608492806903,76.0,-0.6439208787851308,0.6470959595959584,-0.8585611717135079
41FE2B86-C143-43D3-A690-E5E97BD386E2,112,110.0,1.5479807234212708,2.2120915032679846,0.7739903617106354,111.0,-1.0005049335140874,-1.0,-1.3340065780187833
E9FD3F5B-12E8-48F6-B285-D59FDC03CB6A,105,103.0,3.2044760305641895,1.5972222222222001,1.6022380152820948,100.0,-3.764289368804869,-3.2125000000000057,-5.019052491739825
A76F1F02-FD5A-426B-9E3B-32EC4065E78B,81,73.0,0.7790904578045609,0.36363636363637397,0.38954522890228044,75.0,-2.6231935740134698,-1.7878787878788103,-3.4975914320179604
35D8CD30-2115-44BD-ACB6-B5EBF619E0EE,123,119.0,4.335848012307966,2.0088888888888903,2.167924006153983,116.0,-4.223008931005245,-3.7777777777777715,-5.6306785746736585
29EA7900-E956-400C-A251-7AF2F0C64353,132,112.0,0.9122078538136374,-0.6168478260869534,0.4561039269068187,120.0,-4.655749498691895,-3.9722222222222285,-6.207665998255862
6FCEF934-7031-41D4-B223-0B99AADC9CEF,117,112.0,1.8371413524323814,-0.09722222222222854,0.9185706762161907,114.0,-2.7509922790164087,-1.3958333333333286,-3.6679897053552106
F9ADA0B9-403D-4D0B-B030-E7078C472146,73,66.0,3.445420256223545,0.7013888888888857,1.7227101281117725,66.0,-4.619187971090926,-2.400946275946282,-6.158917294787901
8B8CB5F3-A8C3-4B69-AB3D-FBE57D8CDAA2,95,76.0,-3.7367887837601055,-1.0305555555555515,-1.8683943918800527,72.0,-2.3940017881809346,-1.8888888888888857,-3.192002384241246
37DB851C-E28B-4A31-98A7-9EDFE4FE10EF,106,104.0,-1.3870421621479154,-0.9082070707070784,-0.6935210810739577,104.0,3.3684320615978227,3.958333333333343,4.491242748797097
9F2EA5C0-8674-4851-BC2E-E4C1FE8EACDE,116,98.0,0.02220222750701145,-0.27518115942028487,0.011101113753505726,99.0,-0.6534542550462028,0.7058823529411882,-0.8712723400616036
5140A6AB-CB27-4C97-8FFB-3CD5C0EFB849,29,25.0,-3.1655390286864273,-0.8166666666666629,-1.5827695143432137,27.0,-8.234650156230378,-6.182608695652192,-10.979533541640505
1AF3D66E-AFB1-48C5-8252-319739798815,45,38.0,-2.7600686986222702,-2.3289855072463723,-1.3800343493111351,38.0,-1.169040943316055,0.2708333333333286,-1.5587212577547398
620B6734-6688-4999-9182-0BA2CA785B18,112,109.0,1.4701951568516765,0.027777777777771462,0.7350975784258382,107.0,-1.4332644125705898,-1.0749999999999886,-1.9110192167607865
FEF46BC6-3098-49DB-90E4-0EE656A2BE74,87,79.0,-0.7805392614511178,-1.0277777777777715,-0.3902696307255589,77.0,-2.7679934544389124,-1.5555555555555713,-3.6906579392518837
D2425532-5F4D-4AAD-B90A-30ECB6FAB75B,118,101.0,4.392227342062381,1.8499999999999943,2.1961136710311906,99.0,-6.457699236144193,-3.0909090909090935,-8.610265648192257
38BA9258-1798-45F6-869D-7215AB8C88A9,98,73.0,3.8427220239241695,3.0,1.9213610119620848,74.0,-4.5526975709475055,-0.6607142857142918,-6.070263427930008
00FE425A-0592-455D-92E3-3A91466A5AC1,39,33.0,4.161398960392098,2.927536231884062,2.080699480196049,30.0,-10.520206385318618,-8.674999999999997,-14.026941847091486
FBFBD067-FA7F-4AB6-AAF5-51C57509CACF,76,75.0,4.252324390356659,1.0266666666666708,2.1261621951783294,76.0,-4.009445450487393,-2.3991545893719746,-5.345927267316525
F1EDE395-251C-4476-A8B7-21F2441D2170,50,47.0,6.54626518585722,3.080808080808083,3.27313259292861,49.0,-6.78597018602779,-6.599999999999994,-9.047960248037052
697012A8-F7D0-40E0-9009-60DFEDB33BFB,100,82.0,0.5521563480700892,0.15000000000000568,0.2760781740350446,76.0,-2.4598497196481413,-4.407738095238102,-3.279799626197521
1C6329AD-82CB-493A-9C25-0560384FB8B0,144,128.0,1.0097800162448416,-1.0801328502415544,0.5048900081224208,130.0,-1.8665314605966905,-0.5763888888888857,-2.4887086141289205
C66DC826-B00F-427F-B1A2-78EFCE704224,106,80.0,1.0286099376713622,0.26940993788819867,0.5143049688356811,69.0,-6.871066483593259,-3.9343434343434183,-9.161421978124343
2D387C42-8D2B-454E-9102-7F4CE8A0F0B8,98,93.0,2.953081763451053,0.09999999999999432,1.4765408817255266,93.0,-3.996281235486331,-1.3333333333333428,-5.328374980648442
B5470FEF-8C22-485B-BF6F-B3713865BE02,102,83.0,-0.41490666243623353,0.5317460317460245,-0.20745333121811677,83.0,-3.465417898097971,-2.0888888888888744,-4.620557197463962
A62CF23F-99EB-494E-9590-A4CCC3FBAFE8,134,112.0,2.2364425719327095,1.2361111111111,1.1182212859663547,114.0,-2.2850049874618494,-1.7368421052631504,-3.046673316615799
B4C0CE7D-9DBE-47F7-964E-69C8AF38D49A,97,67.0,2.3011165447143207,2.6388888888888857,1.1505582723571603,64.0,-1.7522593286912547,0.11111111111111427,-2.3363457715883396
54B14EEB-BB92-4E62-B2D3-0B46EFAC1BCA,107,93.0,3.2634242741462494,1.280701754385973,1.6317121370731247,92.0,-2.7848799214002735,-2.4216269841269735,-3.713173228533697
82F56DAB-027C-4EA8-9B5B-4A343EFBDA48,80,75.0,1.8381153132743921,2.9722222222222,0.9190576566371961,73.0,-3.5994883750839293,-3.133333333333354,-4.799317833445239
7850AFA3-A52E-4566-85B5-6C9A7855532B,112,97.0,5.686750360141613,4.795321637426895,2.8433751800708067,94.0,-10.881412529730044,-9.365000000000009,-14.508550039640054
0AAB9137-BEF8-4069-A705-7F39D90DD512,97,61.0,-1.4535335759944854,-0.125,-0.7267667879972427,64.0,-1.1540803538028557,-2.25,-1.5387738050704747
72854626-73F0-4DAF-AE39-778231AE8829,96,71.0,0.254702305326231,-0.4583333333333428,0.1273511526631155,72.0,-0.6397402332814202,-0.3333333333333428,-0.8529869777085604
B4869D8E-2897-4C77-8A48-A5479197BEB9,89,79.0,-1.6149380394285644,-0.5169082125603808,-0.8074690197142822,71.0,1.8236931696354952,-1.28985507246378,2.4315908928473267
652C63D5-A49A-41EA-97D2-EA698786D3B5,125,98.0,3.241946445378554,0.32638888888888573,1.620973222689277,93.0,-2.821280358619806,-1.3050000000000068,-3.7617071448264077
66CA288C-5C01-4B24-AC58-427261896E01,0,,,,,,,,
DE02B0CD-566C-4287-B4A5-EB6BF460677E,107,74.0,-0.4291322284746699,0.2333333333333485,-0.21456611423733496,79.0,-3.8693936214136526,-2.177777777777777,-5.159191495218203
715F1284-7914-476D-B9F8-A02A82E36C32,59,52.0,-2.9379664982530986,0.26893939393940514,-1.4689832491265493,56.0,-3.651219687436376,-3.423669467787107,-4.868292916581835
4807D6B6-9E6D-4181-AEF9-CB4A4929ECFD,105,95.0,1.7711580905604107,0.4416666666666629,0.8855790452802054,93.0,-3.3995908059540247,-2.833333333333343,-4.532787741272032
994B67A8-E4CF-4627-98AC-7E817DF2CA81,157,128.0,0.16529408990409322,-0.25869565217392676,0.08264704495204661,134.0,-1.954572467200971,-1.4499999999999886,-2.606096622934628
F8CEEED2-F680-47C1-B2D4-99B7B70FBD89,75,66.0,2.9544473466103685,1.4867149758454161,1.4772236733051842,69.0,-3.5757192682399115,-3.305555555555543,-4.7676256909865495
4487356B-ED84-4E7E-86A0-9A6FCD126F25,28,26.0,7.749051875362606,10.926226551226549,3.874525937681303,28.0,-10.470507036528002,-12.55714285714285,-13.960676048704002
91E7B4FA-37AA-425D-ABF3-6FCF565BFB62,43,42.0,3.749827407467159,-0.7943478260869483,1.8749137037335795,43.0,-1.27200766147682,2.833333333333343,-1.696010215302427
920F9FBA-E8AE-4CE2-B987-FAFD90612C77,85,73.0,4.019509675900883,1.5,2.0097548379504415,76.0,-4.415241307372962,-0.6111111111111143,-5.886988409830616
F05D1E39-D1D0-4074-B6AC-7FF6F1A126F7,131,122.0,3.2510607262346505,-2.051388888888887,1.6255303631173252,121.0,-5.62811753101813,-3.0972222222222143,-7.5041567080241744
A5918D92-B512-4E8C-B12F-A07CC0237A23,124,115.0,5.155078882669948,0.5,2.577539441334974,108.0,-6.864716142522867,-1.4375000000000142,-9.152954856697159
49BC9A7B-2D19-4240-A40E-7D45E893FFC6,108,101.0,2.6604775594475782,0.38888888888888573,1.3302387797237891,102.0,-4.315317457994209,-2.1576086956521863,-5.753756610658946
82B27464-9232-45A8-9BEF-182E33B66C64,25,20.0,2.377062198067635,3.2054347826087053,1.1885310990338176,22.0,-1.147200923917172,0.27318840579711434,-1.5296012318895627
963D2544-D93C-4527-8052-CD6A371AC747,103,87.0,0.8771370824314788,0.21323529411765207,0.4385685412157394,93.0,-1.0255078649315919,0.125,-1.3673438199087895
FC9ED6F2-BC5A-489A-AAC0-3E8776F22CCA,81,80.0,1.0892309907481947,-0.7676767676767753,0.5446154953740974,80.0,-6.514956708567621,-2.912121212121207,-8.686608944756827
5147734F-A87F-48A2-AB20-447BF7239C19,92,82.0,0.5876603728475095,0.40972222222222854,0.29383018642375475,83.0,-4.649345092337015,-2.0434782608695627,-6.199126789782687
44DB5E44-C270-4A67-A2DB-A6F616212DDC,99,86.0,-0.5175232400416778,-0.05500000000000682,-0.2587616200208389,92.0,-0.484067974344713,-1.9208333333333343,-0.6454239657929506
14A43735-FAB1-4EC6-B333-20644B71384C,95,80.0,4.320055431241201,1.5,2.1600277156206005,83.0,-6.340879305783294,-2.6111111111111143,-8.454505741044395
252A7926-BA83-4610-AC66-073B795E0532,117,112.0,2.3009312505266455,0.40144927536232444,1.1504656252633227,109.0,-0.5118026504597822,0.4583333333333428,-0.6824035339463761
C70E5C0D-3F2C-4FA8-A86E-30A8103CA5E9,105,101.0,1.5165422022751456,-0.08260869565219764,0.7582711011375728,101.0,-0.04688688493678566,0.4000000000000057,-0.06251584658238087
4CD33078-29DA-4B90-829F-498C8A35CFDE,64,52.0,3.780073605548565,3.1037280701754355,1.8900368027742824,50.0,-2.678867896723907,2.4666666666666544,-3.571823862298544
B2AC3B14-B120-4B6A-BA1C-90A933C32FF0,118,116.0,1.8607577080481092,0.8315217391304373,0.9303788540240546,112.0,-1.5918763292360276,-1.2569444444444429,-2.122501772314703
FA691963-5D6A-45BB-AED0-A5FAD2C7B9B2,154,149.0,1.2978982445427714,-1.0277777777777715,0.6489491222713857,144.0,-1.0113236548969469,0.11382850241545839,-1.3484315398625957
FCDC4F6B-0499-4EF7-8E48-5436A5B205C9,146,143.0,1.7755789007252594,0.8985507246376869,0.8877894503626297,143.0,-2.308167166663629,-1.7916666666666572,-3.0775562222181727
E9B9F6B3-C6D6-42CA-BE08-583081AED787,87,64.0,2.614262985844168,1.5693236714975995,1.307131492922084,66.0,-2.583126441058318,-2.338599033816436,-3.444168588077757
C60A8070-3B61-4934-AC18-5116E0DD2A17,231,224.0,0.8667136489616638,-0.2493357487922765,0.4333568244808319,224.0,-0.15593315669482535,0.2533333333333445,-0.2079108755931007
61215E27-DA72-46A6-9DB8-5900AA90A456,132,131.0,1.4663975279607275,-0.4734299516908038,0.7331987639803638,132.0,-4.017879225738858,-1.0135233918128677,-5.357172300985143
E7417F9A-6B31-4AFE-B98F-C1856984154F,120,104.0,-0.8130348807253296,-1.1266390614216704,-0.4065174403626648,112.0,3.022267043606474,2.5902777777777857,4.029689391475299
5918D989-14A6-4DF5-B483-C8EC39C22DEA,133,112.0,-2.7183485814621036,-1.2638888888888857,-1.3591742907310518,115.0,0.6588430893785635,-0.5652173913043441,0.8784574525047516
1D3E850D-05F3-480E-9B50-F9553F79A277,79,76.0,1.1141412572934313,-0.4722222222222143,0.5570706286467156,79.0,1.0582364361010497,0.9956521739130437,1.4109819148013996
C05428F3-D684-42AB-A4B4-3DF8FC4CB646,116,111.0,2.587046069316226,1.6666666666666572,1.293523034658113,110.0,-0.879869975573741,0.6666666666666572,-1.1731599674316546
48BB2254-779A-44D9-B840-531EDBEE3D3B,137,119.0,0.7935027702319903,-0.34640522875818647,0.39675138511599517,118.0,-2.175890248888997,-1.8722875816993394,-2.9011869985186634
AE7C855B-5F05-484A-8495-3A330E9171BD,146,117.0,2.3825606796082854,0.6782608695652073,1.1912803398041427,119.0,-2.6215867298576474,-1.7301587301587347,-3.495448973143529
4DA3AAF3-FB3E-4861-8838-F7DD4D5239C5,170,161.0,1.4631273744622957,1.1010101010100755,0.7315636872311478,160.0,-1.0015706261799735,-1.0224999999999937,-1.335427501573298
7EFFABBF-6890-4C3D-B1BF-B6E3991023E9,102,83.0,3.2565163928030945,2.4000000000000057,1.6282581964015472,87.0,-3.677924894123781,-3.916666666666657,-4.903899858831711
00D5F345-0E13-4AAE-A3A0-A2407234246D,124,120.0,2.2434117670492015,1.9541666666666657,1.1217058835246008,115.0,-2.2150394427159226,-1.7750000000000057,-2.9533859236212296
D4C192AF-3FD4-4DC0-94F0-33A786E5F743,116,106.0,3.567030327822343,2.0980392156862706,1.7835151639111715,104.0,-3.178592206053796,-2.066666666666663,-4.238122941405061
910B65FB-1F06-4466-AF6F-BEECEDDF8CDC,48,33.0,1.944573020766072,1.4434782608695684,0.972286510383036,36.0,-2.4047222904320638,-2.78653381642512,-3.206296387242751
C7EAAD5E-7120-4C30-BD04-7872188FE9D3,0,0.0,,,,0.0,,,
4B5B89D8-7AFC-4284-9361-B1255CB8FC7E,36,35.0,1.7053264947612778,-1.0,0.8526632473806389,36.0,-3.5539615393152792,-4.348055555555561,-4.7386153857537066
79CE53D3-7F3C-499F-80AF-9B1B88E74B79,56,43.0,0.772342314090399,-0.9000000000000057,0.3861711570451995,44.0,-3.6876457706217334,-2.0060386473430043,-4.916861027495644
656BB7E4-39F5-46C4-BE5F-DD6E592C0558,81,68.0,-0.9798830830398297,0.047619047619051,-0.48994154151991487,68.0,-2.632105645465928,-1.4009661835748943,-3.509474193954571
738FBC3D-9BDD-451C-9712-3FDF6204CEC9,81,72.0,-2.014442462957221,-1.5126262626262559,-1.0072212314786104,70.0,-3.272893663730392,-1.0458333333333343,-4.363858218307191
C5883105-70C5-4BEF-A835-54F80DFC0AF9,74,69.0,-2.956570639330563,-1.9027777777777715,-1.4782853196652814,70.0,-0.6246195232548315,0.8263888888888999,-0.8328260310064406
A3373A79-7312-4E5C-9BE8-F2901783F4BA,123,116.0,0.7422928668250008,-0.029239766081872176,0.3711464334125004,121.0,-2.5085307151873453,-0.3478260869565304,-3.344707620249794
F674FEFE-1076-4114-9A14-8F934CB16FE0,118,115.0,4.590169493395156,2.9833333333333485,2.295084746697578,114.0,-5.33355610589352,-3.3741830065359437,-7.111408141191362
93CBE34E-940E-4EBB-98F0-4C6F7008D8ED,103,92.0,1.2777998357208984,-1.3409090909090935,0.6388999178604492,91.0,-3.5894071663186753,-1.0288461538461604,-4.785876221758235
A1362EA4-C319-4C77-85C6-933BA92B1897,115,99.0,-2.123275962812597,-3.142857142857139,-1.0616379814062984,95.0,-1.057858907781792,-0.15686274509803866,-1.4104785437090555
6A34F661-1AFF-4197-9069-25BC0B8E92E3,123,97.0,0.3798808038412703,0.26630434782609314,0.18994040192063516,105.0,-0.5990513792899533,0.1380952380952465,-0.7987351723866044
3DC9A6FE-D31B-437A-8805-0AAA1488EA6E,143,131.0,1.2210264298731706,0.37333333333333485,0.6105132149365853,138.0,-3.331101911951008,-3.0,-4.441469215934677
CEFCDF29-3782-4A38-B9B1-D07ED0DA9A23,108,91.0,3.425092548573708,1.826086956521749,1.712546274286854,86.0,-3.3445095200094936,-1.9583333333333286,-4.459346026679324
8A5CEF7D-CE2C-42C9-815A-A1FBAD9311FE,0,0.0,,,,0.0,,,
B357FF59-DE3D-4204-8EB1-EF57CDD85D57,97,85.0,0.9814328792832631,1.2857142857142776,0.49071643964163153,88.0,-2.433625054713507,-0.7036714975845371,-3.2448334062846764
8EF241AC-6431-4E0D-A1EE-42F30500A263,113,91.0,-3.9426425156872993,-2.8499999999999943,-1.9713212578436496,94.0,1.6191005706403054,3.0541666666666742,2.1588007608537407
FEED6114-50ED-4561-87E7-6E82DB98C7B7,100,92.0,2.4209785836757605,-0.010265700483088835,1.2104892918378802,94.0,-3.7514451204937984,-1.4561111111111131,-5.001926827325065
C187C95E-A3CF-48A1-8DF0-6753B1573C8C,82,72.0,2.750276551940919,1.3333333333333428,1.3751382759704596,75.0,-4.059900647111174,-2.6038647342995205,-5.413200862814898
ABE22B20-2EC9-427E-A181-4DC5DF1FF2C9,82,64.0,3.1827863758313724,1.0333333333333314,1.5913931879156862,61.0,-5.421203357206537,-2.492753623188406,-7.228271142942048
7A49A70D-18D1-4905-9086-CEFFD7F32677,133,132.0,-0.5405698912327723,0.5386473429951764,-0.27028494561638616,132.0,-1.2680126271765442,-1.6983333333333377,-1.690683502902059
3024A90E-4804-4139-881E-B9AEB857D7AA,112,109.0,-1.4509835084726308,-1.1884057971014386,-0.7254917542363154,107.0,-0.7270471228031711,-3.03478260869565,-0.9693961637375612
8D89D118-AE9B-40B9-99B8-DE14A36E5E8E,127,126.0,0.8956787635270781,0.3472222222222001,0.44783938176353905,127.0,-0.11738432214857,-0.3194444444444571,-0.15651242953142716
1A8A966D-A75A-4CC7-9280-78D4D43349C3,100,96.0,1.6906263578188527,-0.21439393939394336,0.8453131789094264,100.0,-5.097228658160389,-1.0582602339181335,-6.7963048775471835
59370BAE-ABB1-4731-A30F-BFC37D4E4F2E,69,59.0,4.00010319799745,1.6399999999999864,2.000051598998725,59.0,-4.004944732983168,-0.1369047619047592,-5.339926310644224
143E4A22-6DAD-4304-845E-AC2C095DDA69,92,77.0,0.29319794309247577,-0.15277777777777146,0.14659897154623788,79.0,-4.847249482012608,-0.12777777777776578,-6.462999309350147
F1F46ECB-E3B7-4A55-A7BC-B99A56E196EE,88,76.0,1.4235776751798195,-0.2475845410627926,0.7117888375899097,73.0,-4.81432491008429,-3.183333333333337,-6.419099880112386
7CF2613E-2CC8-49C0-AA10-30A678ADF25C,135,123.0,3.160116973205875,1.3055555555555713,1.5800584866029375,125.0,-2.7354736798577797,-1.8571428571428612,-3.647298239810374
1209DEEB-47B9-4181-958F-60067933D518,32,25.0,1.679186640583067,0.7083333333333428,0.8395933202915336,25.0,-3.6823041353286383,-0.75,-4.909738847104851
8B1EE283-2515-4BBF-9054-253091042CB1,125,118.0,2.716512072790469,0.7717391304347814,1.3582560363952345,119.0,-2.043924511523587,-2.1555555555555372,-2.725232682031449
FE96F4B1-0BF7-4C4B-9978-8C020DFBD86A,103,95.0,3.976495798866657,4.821256038647334,1.9882478994333286,89.0,-4.0059608901368735,-5.0,-5.341281186849164
D8D970F2-5BEE-4957-907E-35E1B1CFA2AA,91,87.0,1.430204786410801,-0.4027777777777999,0.7151023932054005,88.0,-1.6888062189146404,0.217261904761898,-2.251741625219521
A320B731-3BD3-49A3-9B6E-BE5BBB4AEDAF,138,129.0,1.18469209572244,-0.38164251207729194,0.59234604786122,127.0,-0.8707423898361217,-0.5999999999999943,-1.1609898531148288
FEA5F1D0-EDF2-4D3F-879C-07DC0627B297,114,112.0,2.612091416467425,2.0261111111111205,1.3060457082337125,111.0,-2.784063838974325,-1.819444444444457,-3.7120851186324333
2C7C7A88-B628-498A-80E4-9C89F72674C1,122,119.0,3.5966461057518906,2.927272727272708,1.7983230528759453,120.0,-5.186928454411722,-3.7777777777777715,-6.915904605882294
159F79F9-30CE-40A5-ACDB-6E18086EAEF2,99,85.0,1.6194976730226338,-0.19696969696971678,0.8097488365113169,83.0,-2.051211265162287,-1.0101010101010104,-2.734948353549716
D0534E9E-4216-4D43-9B26-5743308191A1,119,108.0,0.25104313406336365,-1.6527777777777715,0.12552156703168182,114.0,-1.901743035238068,0.07638888888888573,-2.5356573803174247
69CB869B-2769-493B-B8A4-6FA9689DD342,89,83.0,-0.08728321656152317,-0.2916666666666572,-0.043641608280761586,84.0,-1.7424070264922118,-1.2691666666666777,-2.3232093686562814
08B5977C-0741-4D96-A90C-A311D3FAA780,58,57.0,-1.1145565737628829,-0.4141414141413975,-0.5572782868814414,56.0,3.348247547170605,1.433333333333323,4.46433006289414
CE9B2C3B-E5EA-4B62-B786-BC3C23B9C507,0,0.0,,,,0.0,,,
D0CBA4BF-D630-4E01-B727-4792B6DD8CA8,126,118.0,0.5578470543721618,-1.3499999999999943,0.2789235271860809,121.0,-2.1491385530307574,-1.3333333333333428,-2.865518070707676
FA972174-A7F5-41B8-81FD-1A76BC6EF65F,119,107.0,1.3363202085496066,-0.375,0.6681601042748033,108.0,-2.00791361780006,-0.7569444444444429,-2.6772181570667475
FE0D7B1F-0A14-483E-8A21-8B58D09E9FFF,1,0.0,,,,0.0,,,
6C0FBD51-9AB3-4632-886B-73CD752D6E02,88,76.0,5.018834701823581,5.477272727272734,2.5094173509117903,76.0,-6.196598852762688,-5.669384057971001,-8.262131803683584
FED215AF-EC02-45A1-8BDA-364CC5D9B167,153,147.0,2.6917557311095455,1.2428571428571331,1.3458778655547727,147.0,-4.049812542378739,-2.291666666666657,-5.3997500565049865
DCB132BC-5E09-4986-AA4B-BB8A59144D60,73,67.0,0.6673507111534392,1.2727272727272805,0.3336753555767196,61.0,0.9555909543454097,0.19999999999998863,1.2741212724605466
261372B3-087F-4027-A973-B21FD1784AD2,52,48.0,1.9717858794285439,0.48908730158730407,0.9858929397142719,49.0,-1.8227786914046449,-1.3230769230769397,-2.430371588539526
873ADA68-6D51-48BB-9EEA-C9C5CC65A9B8,124,123.0,2.454109101544909,1.5024154589372074,1.2270545507724544,124.0,-3.3019879591940486,-2.0961111111111137,-4.40265061225873
1EB0DB9F-3FF8-4B79-A150-D8885FC1A27A,78,76.0,3.053377828846786,0.5277777777777715,1.526688914423393,76.0,-3.071495645363594,-2.1202777777777726,-4.0953275271514595
85FCED2B-BA1E-445B-B7C7-D0D40B67E9FD,132,119.0,-1.1580495132480264,-0.7361111111111143,-0.5790247566240132,125.0,-1.4515188980986564,-1.4333333333333371,-1.9353585307982084
01CF9577-FE5A-4A55-AD3B-55444AF8272D,85,79.0,2.6354693177967516,2.299516908212553,1.3177346588983758,83.0,-3.8122660874685455,-3.8700000000000045,-5.083021449958058
EAC9D0A1-B26D-40FD-9B2C-40161CFA1AD6,79,75.0,8.103866192104956,5.875,4.051933096052478,73.0,-10.411047427191898,-7.597402597402606,-13.881396569589196
B5B05F1B-24D2-474F-B380-B320AE9C13C7,128,0.0,,,,0.0,,,
B9055498-ED59-4F19-AE96-5E867E814D4E,131,121.0,1.6719038112108013,1.7428571428571331,0.8359519056054007,119.0,0.07744946351592484,-1.0695652173913004,0.10326595135456615
0370C2CA-2544-4C33-9AA5-18C3C28555C7,67,62.0,1.1430238248624212,-1.215217391304364,0.5715119124312106,58.0,2.0549661347853414,3.6704545454545325,2.739954846380455
551AFFD4-D822-4AC0-8810-41F594FE4A5F,57,55.0,2.8002129245886507,2.0714285714285836,1.4001064622943253,54.0,-4.839682676683975,-4.790000000000006,-6.452910235578632
9CEC3972-5BC3-422B-BD17-A4A4BDFA72B7,113,98.0,-0.5981131543579857,1.8506493506493484,-0.29905657717899287,100.0,-0.6388760690417112,-2.6347222222222086,-0.8518347587222815
E4B4CBD5-F997-428A-9035-160232763B93,78,74.0,2.7066790345091594,1.3439009661835684,1.3533395172545797,77.0,-6.009195580754021,-5.382608695652166,-8.012260774338698
8F5AF88C-A37C-4B42-9210-EE07ADCE2457,98,92.0,3.6979189136845094,1.375,1.8489594568422547,93.0,-3.6921751634774496,-0.33500000000000796,-4.922900217969933
3384CCA9-0E49-48BB-903F-D81E40075177,100,95.0,3.2969554135793584,1.017391304347825,1.6484777067896792,97.0,-3.1092399104652872,-0.8000000000000114,-4.145653213953717
F7B62F77-2990-4810-AFD1-C4394873B17F,94,92.0,2.3777872092256245,0.9583333333333428,1.1888936046128122,94.0,-2.9329604439668833,-2.2661231884057855,-3.9106139252891765
4E590C66-ABC7-4BFB-B24F-C20266E87F86,58,57.0,1.77557244068264,0.625,0.88778622034132,58.0,-2.739426459303955,-1.11388888888888,-3.6525686124052723
99E797F2-BA90-442B-B8B1-A0B740FD9122,81,78.0,1.5494970096857952,-0.1107456140350962,0.7747485048428976,81.0,-0.7428907117546502,-0.6611111111111256,-0.9905209490062002
B5E3268D-2B78-4382-827E-1E4CFFFBB01D,103,100.0,2.33098759882637,1.7916666666666856,1.165493799413185,100.0,-3.449505886723319,-3.498382352941178,-4.599341182297759
4FAE3B46-D06C-4EE4-8B8A-FD1CE28CB812,71,66.0,3.8323287474449983,1.5083333333333258,1.9161643737224991,67.0,-3.3927181464987326,-0.75,-4.523624195331646
B8A107B5-D9E1-4B35-960D-59631B162067,106,103.0,0.8644970851852639,-1.1964285714285836,0.43224854259263196,103.0,-3.4297193571608817,-2.1608695652174106,-4.572959142881174
5C18CC02-DA74-4213-8197-CD5D1BB9DA4A,89,86.0,2.4478062425190052,0.5625,1.2239031212595026,89.0,-0.13033359274932127,-0.18055555555554292,-0.1737781236657616
317DC285-6BBB-4425-9924-7A64EFC4BBA0,84,81.0,3.5083611608611474,3.9090909090909065,1.7541805804305737,80.0,-5.320701990258398,-4.473684210526329,-7.094269320344528
C837F7DC-328E-4AF2-B1C5-EF73D5647413,74,68.0,3.2686381137252556,2.50603864734299,1.6343190568626278,70.0,-5.470109861419089,-3.6655193236714894,-7.2934798152254485
DFC2854D-C262-4731-9C5E-CEC584A801CB,102,99.0,1.0011621952390517,0.9050000000000011,0.5005810976195258,102.0,-5.286944924239647,-3.750000000000014,-7.049259898986195
85374E40-5B49-4CDE-8477-70926CB4DF65,88,87.0,3.917198615699368,1.75,1.958599307849684,88.0,-4.028989959170875,-2.877976190476204,-5.3719866122278335
561FB47D-EFBA-4D57-AFBA-442C292FE29F,101,98.0,5.22898499038733,0.31555555555553383,2.614492495193665,99.0,-4.8321193986550055,-2.422222222222217,-6.44282586487334
FBCAB34B-82F6-4007-8AFC-9FF4F467A4A0,137,136.0,4.0135701458657085,1.555555555555543,2.0067850729328542,137.0,-4.702997926077717,-3.2333333333333485,-6.270663901436954
500A4C2D-2636-4921-BC03-7A154A323D47,62,61.0,3.6465194712628795,0.9583333333333428,1.8232597356314397,62.0,-2.950355619913824,-2.9182070707070693,-3.9338074932184326
E3BB2E3C-51DE-460C-B60F-D4364E3E9CF0,1,0.0,,,,0.0,,,
763C08BA-35E4-42D3-BE92-85DC14E1936E,1,0.0,,,,0.0,,,
96BCA410-47D6-48BB-B297-029A896D950E,1,0.0,,,,0.0,,,
F3A73051-473F-428A-8818-06BB4B519AAF,1,0.0,,,,0.0,,,
57B409F1-E572-4893-8C30-20D60B25A753,1,0.0,,,,1.0,17.125,17.125,22.833333333333332
DC7CBDB5-86F7-4025-B3A2-C332006B0CEF,1,0.0,,,,0.0,,,
B6AC94AC-41F2-44ED-BDF6-D4D89FEDF134,1,0.0,,,,0.0,,,
5004EEEC-5442-49E7-8D30-25DBFCD83F3C,1,0.0,,,,0.0,,,
EC43F573-9940-4AAF-89CC-A09703B5CD15,1,0.0,,,,0.0,,,
B333FA3A-8129-4041-A7FA-612405FCAAAA,1,0.0,,,,0.0,,,
EB006D25-A706-4C2B-B5AF-55FBBD5725DD,0,0.0,,,,0.0,,,
84395543-F0ED-4922-9F68-22A8CB549DF4,66,65.0,8.668062737474905,7.083333333333343,4.3340313687374525,64.0,-7.8893840070439785,-8.127777777777766,-10.51917867605864
708D60AE-1851-449B-9BD6-5169BEE785D4,108,104.0,1.6169457149448547,-0.914285714285711,0.8084728574724274,108.0,-0.23958081929700278,-1.62777777777778,-0.31944109239600355
C1A852AB-42C2-4714-89F5-847CA3B595CB,111,106.0,4.170681050877556,5.06388888888889,2.085340525438778,110.0,-1.8480490386211934,-2.7783040935672645,-2.4640653848282574
750E591F-EF20-42D5-8C1B-1988007ECDD8,128,127.0,1.7082103126437247,1.7304347826086826,0.8541051563218623,126.0,-1.5125533650731566,1.0097222222222086,-2.0167378200975414
2E274972-67BC-44AA-B225-90A291818310,112,111.0,3.4271471728794385,0.4299516908212411,1.7135735864397192,112.0,-6.204492075668422,-2.806763285024161,-8.27265610089123
D1FD3986-2742-49D8-88DB-5E1E8C49E6AC,126,123.0,1.8964459822534634,-0.04166666666665719,0.9482229911267317,120.0,-3.513818813183918,-1.4444444444444287,-4.685091750911891
1BA8445E-3C84-4134-AA9B-B11B41F04059,97,95.0,2.2932765299648903,0.40571428571428214,1.1466382649824451,96.0,-1.9618885543526225,-1.8914141414141312,-2.6158514058034963
864D7E9B-A7BB-45F9-B995-0BE6014E4D21,134,133.0,1.2698214285623004,-1.0869565217391255,0.6349107142811502,134.0,-0.25329621456710083,-1.998245614035099,-0.3377282860894677
F9EDB09B-C78B-48D1-8EB3-E4EB052B2818,66,65.0,4.813573133123138,3.884444444444455,2.406786566561569,66.0,-6.721080688039643,-3.154545454545456,-8.96144091738619
00DB6A7D-24FC-4F4E-AEA1-BB01D0B0CB67,134,132.0,3.029255389842033,-0.2541666666666771,1.5146276949210165,133.0,-5.872172986231417,-4.833333333333343,-7.829563981641891
D016FBF6-7B4F-461E-B668-CD929D22207E,124,121.0,3.8197533520099056,1.2173913043478137,1.9098766760049528,122.0,-5.49746573703855,-4.069444444444457,-7.329954316051401
1B3E6891-6991-48A7-B8A9-2D3A285492A4,121,119.0,2.846670101366946,0.11111111111111427,1.423335050683473,118.0,-3.343732154264158,-1.840833333333336,-4.458309539018877
4B38A659-8616-4FFA-AFB9-47ABA860A04E,127,125.0,6.2665439242374745,4.916666666666686,3.1332719621187373,127.0,-6.62179501798765,-3.666666666666657,-8.829060023983539
D09F7102-2A32-4F31-9F26-F33403679ACA,130,127.0,6.517463591964358,6.038647342995176,3.258731795982179,126.0,-7.2786144302540166,-6.458333333333343,-9.70481924033869
18C066F7-3EFE-49E2-805D-6CA80002AE1E,135,133.0,2.997224188096034,0.06280193236713671,1.498612094048017,130.0,-3.1430128367093624,-3.3646961606915937,-4.19068378227915
7C707B5C-8F24-441D-80A1-E19C71485904,144,141.0,2.4593636481681314,1.7361111111111143,1.2296818240840657,143.0,-4.380415925636437,-3.0,-5.84055456751525
EF8C2AEC-5D0A-45EF-B223-90B0830642A6,72,71.0,5.646540424262408,5.1200000000000045,2.823270212131204,72.0,-8.425744522519883,-6.479770531400959,-11.23432603002651
C7EC0DDC-0A46-4874-95D7-FE2AD52A9A90,142,140.0,5.810910274628433,0.7648809523809632,2.9054551373142163,140.0,-3.5290517250842655,1.1111111111111143,-4.705402300112355
49EC91B1-F493-4D30-A113-224771989623,147,144.0,7.57010522240952,5.064880952380946,3.78505261120476,146.0,-2.862469959803499,-4.180555555555543,-3.8166266130713304
FDA95D73-4A29-4E56-ADC7-C6286F489A04,61,57.0,4.093836970665863,1.1666666666666714,2.0469184853329314,59.0,-1.5634540164193367,-2.3333333333333286,-2.0846053552257824
22BFE5A3-196E-4085-A16B-EF5CC0D21E19,144,142.0,4.745393257076146,0.6500000000000057,2.372696628538073,144.0,-3.5610016644082614,-2.944444444444443,-4.748002219211015
986F0F85-717E-4B68-B7B2-9E5C31102C5A,116,113.0,5.8020993626719575,4.333333333333343,2.9010496813359787,114.0,-6.798399394752744,-4.155000000000001,-9.064532526336993
2A19419F-E2EA-477B-AA31-12B4B4AB266E,153,150.0,5.721911163264279,1.5555555555555713,2.8609555816321395,151.0,-5.570605211529855,-4.208333333333343,-7.427473615373139
3B9E392B-429C-4CB1-A959-EDF742EAA6F3,151,150.0,2.6299058374035487,2.2173913043478137,1.3149529187017743,151.0,-3.6998317618358736,-2.444444444444457,-4.933109015781165
155AE422-BEC7-432D-8443-953169781B5A,136,128.0,4.412871520668678,1.9597935880544526,2.206435760334339,127.0,-3.3467422889557357,-2.0338164251207616,-4.462323051940977
1779DA41-6C6A-4DAF-B81F-C7A0CB224486,75,74.0,7.651378767843301,5.713333333333324,3.8256893839216506,75.0,-7.023904117951714,-4.125,-9.365205490602284
A02A4A12-D2AD-4B5B-A978-F17BFAB17EB5,135,134.0,2.3992286773875318,0.6308123249299626,1.1996143386937659,134.0,-4.693954217874839,-4.783690476190486,-6.258605623833119
4914DEDC-4E03-446A-BBC9-4DA779F221F5,119,117.0,8.076875116054683,4.521739130434781,4.038437558027342,118.0,-5.553673889848508,-0.8913043478260931,-7.40489851979801
F28CA950-2077-4ECD-8AF0-3F478A58F949,167,164.0,5.245757798765707,0.9483333333333235,2.6228788993828536,164.0,-3.4261086287550633,-0.8819444444444429,-4.568144838340085
F3AF9523-A60B-40E7-B58C-0755167AA7A1,126,121.0,3.417965125094396,0.8194444444444287,1.708982562547198,123.0,-4.906340560737225,-2.8999999999999773,-6.541787414316299
62D3A707-1338-4224-B194-28DC4EF9EC85,165,157.0,2.758826682846763,0.904761904761898,1.3794133414233816,159.0,-2.922709216185422,-2.5555555555555713,-3.896945621580562
D6B39230-5794-4B8A-A220-E64F9A34B59C,141,140.0,4.926763344149116,-0.2179292929292984,2.463381672074558,141.0,-1.0119990280969828,1.125,-1.3493320374626436
4091B9C5-6744-4D32-8656-F8C06930F01A,45,44.0,3.5379003758648007,2.0958333333333314,1.7689501879324003,45.0,-4.169195252225046,-5.2666666666666515,-5.558927002966728
0E6B124E-C7EF-4F43-8F89-53374DDE7660,149,146.0,5.559126272637144,3.4130434782608745,2.779563136318572,143.0,-4.88573491873043,-3.1111111111111143,-6.514313224973904
25BF630B-2E26-48CB-97A4-F155E7D17C3E,147,141.0,4.521521269361111,1.3472222222222285,2.2607606346805555,144.0,-4.821465796992393,-2.9200000000000017,-6.428621062656523
1FF97046-833A-42FD-9927-1DAEA857F290,74,73.0,1.330625048198877,1.6190476190476204,0.6653125240994385,74.0,-2.4786482644098067,0.375,-3.3048643525464083
15A0A90B-58AE-431D-A25E-6784A25DF0FE,0,,,,,,,,
7A307137-8F31-411D-8322-BFFD598BE301,98,95.0,5.338062874363458,5.263888888888886,2.669031437181729,98.0,-4.129467868148636,-4.2350622934146855,-5.505957157531516
BF85CBAD-FAB3-4C60-9DE9-1935ECA1B83F,99,98.0,3.6089103717606195,-0.2050000000000125,1.8044551858803097,99.0,-4.980029909260104,-1.8333333333333428,-6.640039879013472
F8140883-575E-4450-8A6B-18616C596677,61,60.0,5.364052736313604,2.854166666666657,2.682026368156802,57.0,-5.54981942132873,-4.0,-7.399759228438306
DE5385A3-BE3B-45D5-8B92-48B4D224193C,119,116.0,6.540939137327922,3.275362318840564,3.270469568663961,114.0,-3.352516861991415,-1.3214492753623261,-4.470022482655221
1A6D6769-FA01-4DD2-AD1D-54AAF0C7DCBB,77,76.0,2.5127701224231096,1.4444444444444429,1.2563850612115548,77.0,-0.8511150934202889,-0.5449999999999875,-1.1348201245603857
