week_start,sessions,total_distance_km,total_duration_min,mean_avg_hr,max_hr,mean_hrr_intensity,mean_sample_zone_depth,mean_active_zone_depth,total_active_zone_minutes,mean_active_zone_share,total_near_max_min,total_simple_hr_load,total_zone_weighted_load,total_combined_load,mean_load_per_km,mean_hr_efficiency_proxy,mean_pace_50_s,mean_hr_rise_bpm,mean_hr_rise_bpm_per_min,mean_hr_drop_bpm,mean_hr_drop_bpm_per_min,total_transition_events,load_4w_avg,hr_4w_avg,near_max_4w_avg
2024-05-27,2,4.68630012512207,270.7860826333364,141.03388850335415,195.0,0.5250630390308806,3.107868051754255,4.10512285095988,181.01666666666665,0.6782416097783975,26.98319473663966,142.4909370047303,845.0585928392222,979.9745665224204,224.7124347523466,0.49447681188067283,70.22280113575944,4.5268546298755155,2.2634273149377577,-2.101815977705852,-2.802421303607803,196,979.9745665224204,141.03388850335415,26.98319473663966
2024-06-03,5,11.978640319824217,446.2467243393262,143.94129121536844,193.0,0.5456829164210527,3.4541453642049076,4.68170903454894,291.33333333333337,0.6699769617823637,92.74984470804533,242.61703002222256,1536.8088530768305,2000.5580766170572,165.93440915273297,0.32843663120084676,47.29968939868169,3.9104127576591394,1.9552063788295697,-4.284491365786819,-5.712655154382426,332,1490.266321569739,142.4875898593613,59.866519722342495
2024-06-10,6,22.821800079345703,847.5358479897181,140.42011590029998,208.0,0.520710041846099,3.1746961064177,4.209617811736816,559.6166666666667,0.6777504426139437,117.32080900669098,442.3675354703368,2717.057662681323,3303.661707714778,194.32107043446237,0.414918337484727,57.88438572635602,4.120350511658889,2.0601752558294444,-3.786240795494583,-5.048321060659443,773,2094.7314502847516,141.79843187300753,79.017949483792
2024-06-17,6,25.045920043945312,902.4131684184074,142.2464291844971,198.0,0.5336626183297667,3.4006391422485858,4.345768400304267,628.9,0.7127803826807059,97.1748450756073,482.66131553611,3081.2480762813225,3567.122301659359,154.65285085148028,0.33373292173310265,47.10450298014592,5.069336286353908,2.534668143176954,-4.624035817536956,-6.165381090049273,783,2462.8291631284037,141.9104312008799,83.55717338174581
2024-06-24,7,28.317520080566403,1079.477999917666,139.42911890205684,200.0,0.5136816943408288,3.15604037066058,4.2314990846078775,701.45,0.6596275308091801,135.5893369078636,556.8773266102557,3433.782617246622,4111.72930178594,191.7249430672184,0.4118846250267908,56.918021558122234,5.627256667854086,2.813628333927043,-4.615818070645406,-6.1544240941938755,835,3245.7678469442835,141.50923880055558,110.70870892455181
2024-07-01,5,23.6,719.8056507349014,146.85647466537174,205.0,0.5663579763501541,3.675514376633481,4.544918730283685,527.35,0.7474204149265333,85.68332825303078,406.20171504214284,2631.1117878933937,3059.5284291585476,132.84406644946867,0.28316187503492374,41.68968744041801,4.217453090766589,2.1087265453832944,-4.953514072970325,-6.604685430627102,657,3510.5104350796564,142.2380346630564,108.94207981079816
2024-07-08,3,10.74456005859375,395.0008215506872,148.51352479320872,200.0,0.5781101049163739,3.795575776610796,4.621210637859302,301.6333333333333,0.771751220962114,54.233320605754855,228.57671033568073,1499.466695904629,1770.6332989334032,179.73937210555596,0.3071212406092331,45.43480854612539,3.8875272916583588,1.9437636458291794,-6.03023980376987,-8.040319738359827,324,3127.2533328843124,144.26138688628362,93.17020771056414
2024-07-15,3,10.40130027770996,414.74056890209516,137.66327381488034,187.0,0.5011579703183004,3.210511296373756,4.324071333678867,268.55,0.6587369252409125,39.28325183590253,207.8198684765446,1332.7066620536032,1529.122921233116,146.37863283892707,0.39184376635658946,53.86903023301043,1.819847980260218,0.909923990130109,-1.9096678607012139,-2.5462238142682847,357,2617.7534877777516,143.1155980438794,78.69730940063795
2024-07-22,5,14.424660385131835,682.9032264490922,137.28123493414188,191.0,0.498448474710226,2.9635769695140035,4.084871800507967,424.1166666666667,0.6357832042754962,71.84997036059697,338.707047161716,2018.6323106314062,2377.882162434391,172.49850522104515,0.4342910915398967,59.206822558193345,3.918209397764096,1.959104698882048,-3.5388118611407506,-4.7184158148543345,525,2184.2917029398645,142.57862705190067,62.762467763821284
2024-07-29,2,0.6446759185791,95.07747419675192,115.41152398334569,174.0,0.3433441417258559,1.523454602436519,2.7154041733864336,23.55,0.24194042070268063,4.075,33.35243151326944,148.23223264614356,168.60723264614353,252.6642143540603,4.066514179125967,454.12082513252386,,,,,1,1461.5614038117633,134.71738938139416,42.36038570056358
2024-08-05,7,6.338447875976562,502.5306140681108,107.94815493500941,170.0,0.29041244634758456,1.2904979654656377,2.604642711111439,66.38333333333333,0.17622686108987143,22.46666667064031,134.17863171875723,620.1266374101925,732.459970763394,119.58503500442008,2.2351546067681407,236.1021858603695,,,17.125,22.833333333333332,7,1202.018071769261,124.57604691684433,34.41872221678496
2024-08-12,5,8.979870529174804,459.7196959177653,133.2703452553303,198.0,0.4700024486193639,2.928202707223284,3.827722707517494,315.76666666666665,0.5596780293090285,60.94986568291982,246.14654762186575,1606.7343355637809,1911.4836639783798,192.3659833062424,0.733753590723947,91.40839684896369,4.2963582025053055,2.1481791012526528,-4.161824314882182,-5.5490990865095755,302,1297.6082574555771,123.47781477695682,39.83537567853928
2024-08-19,4,10.67562028503418,519.1172305504481,140.50725740837714,192.0,0.5213280667260789,3.194761171078561,4.505687379525002,305.5,0.6205385055061023,83.93330446481704,268.3547313845671,1643.4869719967583,2063.1534943208435,193.54396336348424,0.3954652347054425,55.24906063619935,2.9238400213812055,1.4619200106906027,-5.026686683772002,-6.702248911696001,348,1218.9260904271903,124.28432039551565,42.85620920459429
2024-08-26,5,16.253460433959958,593.0310597141583,152.08660175777575,196.0,0.6034510762962819,4.071271082265254,4.849229875537387,447.6333333333333,0.7936666789653666,129.74972523053486,354.3130103858477,2372.3723755653855,3021.1210017180597,187.02616786137486,0.3207888782232861,48.53736679217036,2.2050233367322862,1.1025116683661431,-2.2290335389773808,-2.972044718636508,450,1932.0545326951692,133.45308983912315,74.27489051222801
2024-09-02,2,6.560820175170898,267.3458815495173,156.9046775461744,205.0,0.637621826568613,4.496029682617511,4.80391219214466,240.16666666666666,0.9185741523877078,42.822918421030046,170.1961877216341,1195.737081269789,1409.8516733749393,217.58067719067662,0.28752644328243426,45.108597703680815,2.076679824954132,1.038339912477066,-2.836193451635419,-3.781591268847224,152,2101.4024583480555,145.6922204919144,79.36395344982544
2024-09-09,5,16.322040435791013,589.8131827692191,149.80220893983983,195.0,0.5872497087931903,4.007783822526041,4.612577110961185,447.8833333333333,0.8303519932840334,102.6332158823808,342.5278292694712,2326.147153609652,2839.3132330215562,174.78431300391503,0.3299192005339801,49.15099774054503,2.380730626400738,1.190365313200369,-3.657833880084489,-4.8771118401126525,446,2333.3598506088497,149.8251864130418,89.7847909996907
2024-09-16,4,13.441680358886718,504.8306308329105,145.11139918045092,196.0,0.5539815544712832,3.550592005510549,4.234836146823026,266.0333333333333,0.7918939111975327,97.09984072049458,279.52399711952364,1790.825702190868,2276.324905793341,178.41247971418983,0.37954522701641763,54.82633965731298,3.639597942726059,1.8197989713630296,-2.759543942963544,-3.6793919239513913,405,2386.6527034769742,150.97622185606022,93.07642506361007
2024-09-23,5,17.190720458984377,539.9510209918022,156.47529131471816,202.0,0.6345765341469374,4.408560711572131,4.906323083822273,440.65,0.8730533328298126,105.78325126767159,342.94992472509716,2382.473489761396,2911.389746099754,170.67378602714737,0.30380791622290265,47.47569188868226,1.791338522873793,0.8956692614368965,-2.6920094563058976,-3.589345941741197,471,2359.2198895723977,152.07339424529584,87.08480657289425
2024-09-30,4,10.773903710862008,425.9595507999261,141.8870942033822,204.0,0.5311141432863985,3.3857648904980553,4.1824445937002395,298.75,0.6783245787469726,89.4999923467636,246.98031371832496,1618.7233814213864,2066.2233431552045,202.03381990456856,0.968930801312633,116.81854846526957,2.7926470480288548,1.3963235240144274,-3.096940146932006,-4.129253529242675,315,2523.312807017464,148.31899840959778,98.75407505432764
2024-10-07,4,14.561820388793945,516.1443859179815,143.63841278980595,194.0,0.5435348424808933,3.463360959342509,4.430466905801342,348.3,0.7210845486166101,82.06642294923464,280.4534905373576,1785.3231723420351,2195.6552870882083,157.51535675990914,0.4135326867263131,59.35954628822057,0.2598702297196285,0.12993511485981424,-0.26960154122007074,-0.35946872162676097,303,2362.398320534127,146.7780493720893,93.6123768210411
2024-10-14,4,12.710160339355467,506.2834190825621,145.09096553167447,198.0,0.5538366349764147,3.517068884353334,4.452518357138259,335.75,0.7233626599644742,49.33333334724109,279.4954801544157,1773.3011691497145,2019.96783588592,161.93880029952197,0.37311678717732005,53.915001795402596,1.3449759240690913,0.6724879620345456,-2.7205724453260722,-3.6274299271014288,429,2298.3090530572717,146.7729409598952,81.67074997772772
2024-10-21,6,19.979640533447267,707.142199454705,146.59188659527163,203.0,0.5644814652146923,3.783004966733658,4.724173182930091,492.75,0.7449396868656178,149.23330359657606,399.51407882734065,2697.580693732295,3443.7472117151756,173.8069321711545,0.32558101184826305,47.679206020270605,2.2665304684734764,1.1332652342367382,-2.512633664119031,-3.350178218825375,603,2431.398419461127,144.30208978003355,92.53326305995384
2024-10-28,5,19.339560516357423,653.1793548007806,142.46979943698148,200.0,0.5352468045175991,3.3129589181877157,4.54813860016608,379.45,0.6429306243573231,99.53331437110901,350.699160184011,2176.6251578554334,2674.2917297109784,136.04741492781034,0.348382138763745,49.62482008837708,2.113524429458894,1.056762214729447,-4.299844292619647,-5.733125723492863,484,2583.4155161000704,144.44776608843338,95.04159356604019
2024-11-04,5,18.996660507202147,675.7137305676937,142.2665087050806,203.0,0.5338050262771674,3.497331361163039,4.722446643197625,420.16666666666663,0.6648246331544084,114.43321496645609,360.9499363873555,2369.9733932783743,2942.1394681106544,154.49818774845156,0.3411967380233558,48.4013757763543,0.9674376583187932,0.4837188291593966,-2.3187096152891993,-3.0916128203855986,536,2770.0365613556824,144.10479006725205,103.13329157034556
2024-11-11,4,10.561320281982422,380.0538542151451,117.88142848188876,189.0,0.3608611949070125,2.636253984234142,4.249351353376186,210.9,0.5054792964964224,48.6332171857357,186.9789864738843,1181.0556820683055,1424.2217679969838,135.22748271093954,0.36703346563405864,51.03747911189949,-0.18007701757609193,-0.09003850878804597,-1.521989868189,-2.0293198242520005,310,2621.100044383448,137.30240580480563,102.95826252996922
2024-11-18,5,20.34540054321289,679.5218054016431,143.74764010830268,201.0,0.5443095043142033,3.5892958814534857,4.51685926192214,430.25,0.7310148408968823,55.649941591421765,371.5070432362896,2456.65235769527,2734.902065652379,134.5518230607904,0.3068035264502896,43.976343755032055,0.8361047310392902,0.4180523655196451,-2.3843857770701846,-3.179181036093579,592,2443.8887578677486,136.59134418306337,79.56242202868066
2024-11-25,4,12.664440338134765,509.3504461586475,139.96910501717383,192.0,0.5175113831005236,3.3048268013366346,4.507532660332564,283.8,0.6433966104020313,48.13333334128062,256.04739592245704,1605.0457393805125,1845.7124060869155,146.89167798472468,0.36896842314023803,50.94382364507593,0.0903623144830934,0.0451811572415467,-2.9349000020165223,-3.9132000026886966,396,2236.7439269617335,135.96617057811147,66.71242677122355
2024-12-02,4,6.172200164794921,352.5928131679694,126.8801791509632,198.0,0.42468212163803687,2.7262753439264653,4.726720496698561,147.83333333333334,0.4638956683656315,63.14997762044271,151.7960185704999,948.829558681649,1264.5794467838625,170.7415052974737,0.3337719764846632,44.24281588975605,0.499261908603949,0.2496309543019745,-3.29123765180098,-4.388316869067974,173,1817.353921630035,132.11958818958212,53.8916174347202
2024-12-09,3,8.686800231933592,258.57678591807684,151.92664561630474,194.0,0.6023166355766293,3.9878927181100523,4.733579839731052,183.3,0.7986572921511362,58.76669134100278,158.1313320400199,1059.776767280442,1353.610223985456,155.77718032858277,0.3270167663516923,49.687721539656486,2.5850050385458725,1.2925025192729362,-2.5994513130672607,-3.4659350840896805,288,1799.7010356271533,140.63089247318612,56.42498597353697
2024-12-16,5,22.128480590820313,664.8837490558624,150.64833867833832,196.0,0.5932506289243853,4.086744338283711,4.801135830086539,472.1666666666667,0.8127423304677637,104.04999999602636,393.98234637529777,2712.3372190598984,3232.5872190400305,145.88355327948483,0.31726665686665356,47.76071248764349,2.096550657284378,1.048275328642189,-2.071368494924828,-2.761824659899771,671,1924.1223239740661,142.35606711569503,68.52500057468812
2024-12-23,3,15.133320404052734,396.7181224147479,149.44962549885,199.00000000000003,0.5847491170131206,4.016281585024996,4.8313651475891275,275.55,0.7738732080228635,81.33323511282603,232.3528126387314,1595.0741050144977,2001.7402805786278,130.6529915706242,0.3194309983491165,47.49651951993064,-0.8057474016313341,-0.40287370081566704,1.5797821896953623,2.10637625292715,332,1963.1292925969942,144.72619723611405,76.82497601757447
2024-12-30,6,28.552140762329103,891.0586004177729,147.15802903154557,194.0,0.5684966597981954,3.8215314386872357,4.708348641747373,634.2,0.7541109830783679,211.8665539820989,507.979792919485,3434.4983128969207,4493.831082807415,162.56750517424229,0.34092315343038454,50.02721978911273,1.6469348360137832,0.8234674180068916,-1.944717662381434,-2.5929568831752454,868,2770.4422016028825,149.79565970625964,114.00412010798853
2025-01-06,4,16.024860427856442,495.6696750322978,150.30921011261256,206.0,0.5908454617915784,3.8923293483484005,4.8315270404533415,333.31666666666666,0.7542549023335915,93.11638272603354,293.05340657152584,1932.153839209559,2397.735752839727,149.9466426883888,0.3314508775327544,49.44130725560312,2.9794006223978893,1.4897003111989446,-2.394609184475942,-3.1928122459679242,381,3031.4735838164497,149.3913008303366,122.59154295424621
2025-01-13,4,16.253460433959958,523.7306496322155,144.60678440246537,193.0,0.5504027262586196,3.537668297217971,4.663593974419359,323.6333333333333,0.6896430290772446,91.54987700184186,287.8485019322197,1849.2402576185855,2306.9896426277946,144.94316246929864,0.32425185301135245,46.91899946878957,0.5091263014963763,0.25456315074818814,-3.168469410045235,-4.224625880060313,375,2800.074189713391,147.8809122613684,119.46651220570008
2025-01-20,7,18.831620040893554,692.2948616325855,143.7310942178872,202.0,0.544192157573668,3.557128779536659,4.589654611883837,406.9166666666667,0.6974146875400643,97.26868598858515,352.01988195477264,2215.9875143768822,2702.330944319808,183.7486720606697,0.36769837828615454,53.32989414173862,4.1374383321643515,2.0687191660821758,-4.873301151547166,-6.497734868729556,544,2975.2218556486864,146.45127944112767,123.45037492463987
2025-01-27,5,16.093440429687497,546.1657298823197,136.8911030023624,195.0,0.49568158157703834,3.0556511846349097,4.08989965668952,303.8,0.6609213452965396,69.76653009255728,268.6630898696302,1661.5436682058717,2010.3763186686579,124.8842659511367,0.3357302563840398,45.753589137061546,0.30476016006942075,0.15238008003471037,-3.290099170048987,-4.38679889339865,503,2354.358164613997,143.8845479338319,87.92536895225446
2025-02-03,1,0.0,120.16042175094286,,,,,,0.0,,0.0,0.0,0.0,0.0,,,,,,,,0,1754.9242264040652,141.74299387423832,64.64627327074608
2025-02-10,6,22.014180587768553,800.5974978824456,132.06857828734232,194.0,0.4614792786336334,2.693619168270736,4.029347403492241,369.15,0.5599108313857869,81.64583331545194,367.7069222013392,2143.918043370996,2552.147209948256,126.96961321636844,0.40745715399547416,53.84587679648496,1.3255071347829568,0.6627535673914784,-2.8787181134804265,-3.8382908179739013,599,1816.2136182341806,137.56359183586397,62.17026234914859
2025-02-17,5,18.49374049377441,667.9854733665784,140.19865104237584,194.0,0.5191393690948641,3.354033296638929,4.504085585938405,379.3666666666667,0.6662797058748795,73.26663500070572,347.79936224353,2253.340746623539,2619.6739216270676,139.86355120621096,0.33630953861644397,46.86140764841648,2.06783169836162,1.03391584918081,-2.8567686742275358,-3.8090248989700477,538,1795.5493625609952,136.3861107773602,56.169749602178726
2025-02-24,5,16.162020431518556,604.1640813032786,142.19140864745623,195.0,0.5332724017550087,3.2430901410592603,4.137738772387079,381.31666666666666,0.716681990326447,72.64999999403953,322.6497795863189,1957.623585692112,2320.87358566231,149.97082521616935,0.35688067529012335,50.71834074473086,2.6778271756400343,1.3389135878200171,-4.398572660070655,-5.864763546760872,476,1873.1736793094083,138.1528793257248,56.890617077549294
2025-03-03,3,9.692640258789062,395.8288171509902,135.97626901185424,189.0,0.4891933972471933,2.8710070370939813,4.183782042415069,191.38333333333333,0.590194991274836,34.33333332538605,193.77349948339486,1143.2103988539118,1314.8770654808422,144.2455000290514,0.4346426411972934,59.35536844644826,4.132116108792883,2.0660580543964415,-7.17686773080344,-9.569156974404583,255,2201.892945679619,137.60872674725715,65.4739504088958
2025-03-10,2,7.886700210571288,288.8383802155654,148.8090058256136,198.0,0.5802057150752737,3.8863934178273754,4.74600674469306,197.16666666666669,0.7703506715151772,38.483333333333334,167.54130684913815,1121.8116235499365,1314.228290216603,167.40925353052202,0.3071204164586685,45.71069293311327,0.3448279477002793,0.17241397385013965,-2.100628933504751,-2.800838578006335,199,1892.4132157467056,141.79383363182498,54.68332541336616
2025-03-17,3,6.286500167846678,251.21752591927844,141.88981303242227,183.0,0.53113342576186,3.3184319210865447,4.373787686581577,131.33333333333331,0.6607864294991104,39.68333332935969,127.00824279865284,762.1269580134883,960.5436246602868,179.24825041751475,0.3783401831246118,53.49469430656978,-1.967801833267229,-0.9839009166336145,-3.352381784864212,-4.4698423798189495,190,1477.6306415050105,142.2166241293366,46.28749999552966
2025-03-24,3,10.012680267333984,322.2019477347533,138.1494231981803,198.0,0.5046058382849666,3.011548919577141,3.9300910448120554,193.46666666666667,0.6532292709654897,36.550733153025305,165.38060728662205,998.3424393908305,1181.096105155957,114.52143241947141,0.3374492603685537,46.056264710909154,-0.5594702298948254,-0.2797351149474127,-1.2149192325580127,-1.61989231007735,274,1192.6862713784221,141.20612776701762,37.2626832852761
2025-03-31,3,11.56716030883789,397.85762321750326,141.38092700205377,182.0,0.5275243049791047,3.448659858351333,4.568621360346611,242.2,0.6849502519391321,85.13333331545194,208.94848690493478,1362.4872350184046,1788.1539015956644,155.90326376378343,0.33371422225434344,47.16644276929103,2.3617324061846614,1.1808662030923307,-3.8765835695711828,-5.168778092761578,372,1311.0054804071278,142.55729226456748,49.96268328279257
2025-04-07,5,16.139160430908202,628.6747392495473,144.27561867281742,187.0,0.5480540331405489,3.585613182362944,4.4412843111427,424.06666666666666,0.7396109074124334,132.76641138394675,341.57699077389793,2225.9262264423037,2889.7582833620377,181.42067254425064,0.33931887653719767,48.46899058554217,2.2788751663796307,1.1394375831898154,-3.05713082380654,-4.076174431742054,459,1704.8879786934863,141.42394547636843,73.53345279544591
2025-04-14,6,20.66544055175781,776.4015329003335,140.9779764885009,192.0,0.524666499918446,3.293591831218679,4.4004328739616065,478.23333333333335,0.667518867428253,148.27260838747026,407.1825845283469,2555.8287751436933,3297.1918170810445,165.02337148139307,0.32867432080825393,46.11939121677536,1.7353458958586188,0.8676729479293094,-3.6839225181313204,-4.911896690841761,577,2289.050026798676,141.19598634038812,100.68077155997355
2025-04-21,4,15.430500411987303,494.791249370575,137.80499341080724,194.0,0.5021630738355124,3.1470028234382386,4.308989352788986,267.01666666666665,0.6298339301947938,62.35002913673719,247.48590303604516,1549.3823765129719,1861.1325221966579,120.60101922004516,0.33323670014838286,45.3980930153423,1.4821727108901495,0.7410863554450747,-4.487062258248311,-5.982749677664414,396,2459.059131058851,141.10987889354482,107.13059555590152
2025-04-28,9,19.362420516967774,794.0817902247111,130.84830248653623,197.0,0.4528248403300442,2.5760905753453276,3.8349285317561064,450.2333333333333,0.5138536027457128,59.266608864068985,396.60399018650554,2355.4784881994906,2651.8115325198355,136.3581649012688,0.3338936804098636,46.54973042121377,2.107468266014107,1.0537341330070535,-4.692622058214961,-6.25682941095328,553,2674.9735387898936,138.47672276466545,100.66391444305577
2025-05-05,4,8.001000213623046,352.38158931732175,127.13055272457188,183.0,0.42645782074164457,2.188120407819534,3.5637656726956934,156.08333333333334,0.44076653939445853,23.78335368235906,154.54362673273002,807.9853191426384,926.9020875544338,113.8845125754516,0.4358399241259982,55.22831793912687,0.9440337732732818,0.4720168866366409,-5.935660361636349,-7.914213815515132,259,2184.259489837993,134.19045627760408,73.41815001765886
2025-05-12,5,15.476220413208008,542.0603943506876,141.90222101093136,191.0,0.5312214256094424,3.323445056756262,4.318853168517723,339.3666666666667,0.6934919509557423,83.41664060354233,286.0905846687403,1774.8380635724216,2191.921266590133,143.97373758800737,0.3396215276628072,47.85586401832263,2.141773420510622,1.070886710255311,-2.913719890863146,-3.884959854484194,463,1907.941852215265,134.42151740821168,57.204158071676886
2025-05-19,3,9.578340255737304,354.0041063328584,145.73839785649062,191.0,0.558428353592132,3.4873042238637812,4.426351282923481,243.01666666666668,0.7188227471916523,60.449978542327884,198.03370603516962,1239.4283455581665,1541.678238269806,158.63519284684506,0.2980778465313747,43.23516787312073,3.806435595680767,1.9032177978403835,-3.6227583509326835,-4.830344467910244,255,1828.078281233552,136.40486851963252,56.729145423074556
2025-05-26,4,13.03020034790039,500.18196403384206,142.58572993143218,194.0,0.536069006605902,3.2893329387602948,4.179860944031323,342.6333333333333,0.7124108748933776,50.64166667461396,268.8447210387283,1654.7858729320844,1907.9942063051542,145.9875615467435,0.34920211112868127,49.69083280426095,4.1410406900531145,2.0705203450265572,-4.399063664935324,-5.865418219913765,413,1642.1239496798817,139.3392253808565,54.572909875710806
2025-06-02,5,12.306140090942382,448.20751620133717,134.15431690083238,194.0,0.47627175106973335,2.738852688646528,3.821200603044121,274.55,0.558808475259442,47.50000000198682,230.37282340438907,1399.6900397427426,1637.1900397526765,126.50254806642276,0.3297733129456666,45.285548136656566,2.442223181518691,1.2211115907593455,-7.597568062536941,-10.130090750049254,408,1819.6959377294422,141.09516642492164,60.50207145561774
2025-06-09,9,20.127780441284177,1071.1829828818638,132.05333951368107,190.0,0.4613712022246884,2.4203583541409603,3.609990419244518,555.6333333333333,0.5398190725612874,77.21668544212977,495.2528822765873,2702.5521680568168,3088.6355952674658,168.65724122603632,0.5847455502103152,77.32371142018238,3.733941429224085,1.8669707146120424,-4.246517379775389,-5.662023173033852,896,2043.8745198987754,138.63294605060906,58.9520826652646
2025-06-16,7,25.730560119628905,974.6843669493993,136.62926067683546,197.0,0.49382454380734364,2.917765689604553,4.1706986654563405,574.0833333333333,0.5919517696687355,106.98316305478414,485.78741805810387,2885.813419948284,3420.729235222205,133.7535526978697,0.4764377451352169,64.10852730171504,3.780228856464004,1.890114428232002,-5.276314268495879,-7.035085691327838,802,2513.637269136875,136.35566175569528,70.58537879337867
2025-06-23,6,20.543800201416015,739.8150124529998,135.475472338638,192.0,0.48564164779175906,2.787061820360806,3.9599388428666877,413.46666666666664,0.5879343949817214,64.28333167831103,359.7030431240962,2073.478723771542,2394.895382163097,119.13273427255847,0.4126202075780225,55.5733521223135,1.6899271265073583,0.8449635632536792,-4.049226142099509,-5.398968189466011,709,2635.3625631013606,134.57809735749674,73.99579504430292
2025-06-30,5,14.872700271606444,562.3847747822603,139.70932775471903,188.0,0.51566899116822,3.2038632358434356,4.277619562454118,362.06666666666666,0.6687640120203715,63.36649822791417,289.9260556897878,1804.6598355583728,2121.4923266979436,148.45989989837057,0.45010781280813444,62.60885236883278,3.8229986525538395,1.9114993262769198,-3.1849495176020386,-4.246599356802718,549,2756.438134837678,135.96685007096838,77.96241960078477
2025-07-07,6,19.2,717.8924657265345,137.785355366392,188.0,0.5020237969247661,2.9305865305786902,4.064286426896561,383.6166666666667,0.6259286597184155,83.68118686079978,365.30869890726274,2179.7894075700337,2598.1953418740327,135.11219071782565,0.39511708929741024,54.391145933896205,1.2328756190673504,0.6164378095336752,-2.68702724881312,-3.5827029984174934,638,2633.8280714893194,137.39985403414613,79.57854495545227
2025-07-14,3,6.6000000000000005,348.9016900002957,129.64243217730825,193.0,0.44427256863339193,2.5114856993194614,4.08002773446853,174.18333333333334,0.48822762060663355,24.899999990065893,157.59307432030332,891.2435143915153,1015.7435143418447,166.56320111737716,0.548884675636684,70.79180452553197,5.791697920013952,2.895848960006976,-7.0330595208423174,-9.377412694456421,233,2032.5816412692293,135.6531469092643,59.057754189272714
2025-07-21,3,6.497580093383788,284.24999561508497,126.45291232810554,176.0,0.4216518604830181,2.377803796091325,3.985202481280154,126.01666666666667,0.46374944968237924,47.69999999602636,118.8500511808287,665.0674860101439,903.5674859902757,141.71090149906635,0.5791701702119165,72.44603960979514,2.640051107228947,1.3200255536144736,-2.5753501042272506,-3.4338001389696675,218,1659.749667226024,133.3975069066312,54.91192126870155
2025-08-04,1,3.55,148.8873666505019,126.12947976878613,175.0,0.41935801254458244,2.353337072349972,3.727786570201221,73.71666666666667,0.4961301177790241,13.983333333333333,62.43711017155102,350.38215954318895,420.29882620985563,118.39403555207201,0.468781938829377,59.127222069552246,2.230413049676669,1.1152065248383345,-2.7237358991122806,-3.6316478654830413,157,1234.451292104002,130.00254491014798,42.56613004505633
2025-08-11,3,8.092440216064453,377.671356968085,139.89629384347666,190.0,0.5169949917977067,3.000133981242183,3.937852162690145,236.18333333333334,0.6580588608350267,47.89999999403953,194.00647756177406,1117.0790436140833,1356.579043584281,165.71452292592076,0.48574373430094714,67.09919702357465,3.1846076640113368,1.5923038320056684,-4.420429521016093,-5.893906028021456,367,924.047217531564,130.53027952941915,33.620833328366274
2025-08-18,4,6.743700180053709,275.62264089981716,149.61867571817427,193.0,0.5859480547388247,4.027266056124688,4.556050299671566,192.23333333333332,0.8303836337045528,53.4164356470108,152.09184751488883,970.8010711172076,1237.8832493522616,185.27748490633704,0.3931045265613162,57.423880145603476,1.9393836208872433,0.9696918104436216,-2.0236951890178005,-2.698260252023734,256,979.5821512841683,135.52434041463565,40.7499422426025
2025-08-25,4,10.97280029296875,413.1008334259192,141.15539550584393,189.0,0.525924790821588,2.967852791417101,3.3673660101955254,75.08333333333334,0.8387383295502454,129.66455155213674,213.67537997026454,1188.221473721602,1836.5442314822858,177.17275191565412,0.3890289130281717,54.548331584456534,1.3140397095459653,0.6570198547729826,-2.7152793008542444,-3.6203724011389915,389,1212.8263376571708,139.19996120907024,61.2410801316301
2025-09-01,4,12.115800323486328,598.8991288006305,143.59711492699347,198.0,0.543241949836833,3.377567759921043,4.067653599687229,197.91666666666669,0.7730220878127766,190.1559813896815,321.1640443550702,1981.881473801544,2932.6613807499516,334.1171602364802,0.6665525698321142,93.68838693909072,2.920939794344834,1.460469897172417,-4.140431069714938,-5.520574759619917,442,1840.9169762921947,143.56686999862208,105.28424214571714
2025-09-08,7,16.870380386352537,678.8655254681905,136.73988540236815,173.6028678304239,0.49460911632885207,2.5417094487740366,3.5396137998463577,15.416666666666668,0.6110698324105474,399.9663369913896,341.8747282557417,1859.6514348666515,3859.4831198235993,254.21028214983826,0.4804570867770202,64.83134565845516,,,,,523,2466.642995352024,142.77776788834495,193.30082639505463
2025-09-15,6,17.625060470581055,651.8829876164596,143.1357035032859,176.17898627243932,0.5399695283920987,3.380860934537749,3.5225680272108844,21.75,0.9372699899631983,274.1490377585093,351.4368017597459,2203.482267590513,3574.2274563830592,206.05351973115626,0.33540022122071617,47.83296874412171,,,,,510,3050.729047109724,141.15702483462286,248.4839769229293
2025-09-22,4,12.664440338134764,447.4357540647189,145.94795488426558,178.50673575043055,0.5599145736472736,3.622597706742906,3.8671955914148604,14.25,0.9134265032391495,163.35185210903487,246.93962704963474,1575.656144529022,2392.4154050741963,196.25971397758502,0.3495953902320298,50.887238426509285,,,,,371,3189.6968405077014,142.35516467922827,256.9058020621538
2025-09-29,5,13.03020034790039,483.37611601551373,135.2472580656623,163.9376074718067,0.48402310684866884,2.6480517084774706,3.206315789473684,10.666666666666666,0.6710317485694609,198.26641966501873,236.27368892863106,1355.7249692277428,2347.0570675528365,174.57315345934597,0.35510185231692165,47.96248022997999,,,,,361,3043.2957622084223,140.2677004638955,258.9334116309881
2025-10-06,3,10.469880279541016,303.96360663374264,142.44137358591493,163.78564102564098,0.5350452027369855,3.597527760318458,3.7717717717717716,9.083333333333334,0.9354703540750053,210.98320424159368,162.8718004971622,1088.8982123183662,2143.8142335263346,208.57346283300092,0.34909958170291694,49.51412998627135,,,,,312,2614.3785406341062,141.69307250978218,211.68762844353913
2025-10-13,6,22.471380599975586,753.8731965819994,142.0828374786322,183.05039139036566,0.5325023934654766,3.2269732418986155,3.7695767195767194,18.583333333333332,0.7903712396249709,330.03924928108853,399.83069751395846,2421.4684126602197,4071.6646590656624,178.96466900409757,0.37099815903877803,52.31913227107146,,,,,600,2738.7378413047572,141.42985600361877,225.66018132418395
2025-10-20,4,14.19606037902832,458.9367760002613,135.55596104395457,166.75231719882558,0.4862124896734366,2.7212124321758875,3.2041666666666666,11.0,0.7687117587449813,248.51640468438467,222.71326716552278,1247.2239716150457,2489.805995036969,177.38222001058216,0.35043500248768894,47.32892064888365,,,,,407,2763.08548879545,138.831857543541,246.95131946802138
2025-10-27,4,13.89888037109375,415.3610615670681,148.28638613658882,181.34610519271382,0.5764991924580768,3.930012529332002,4.035911784068466,12.666666666666666,0.9468887492143306,229.0871150414149,237.44164645448734,1601.3471589872652,2746.7827341943394,197.89565564289313,0.3187966295486374,47.05252872510717,,,,,376,2863.0169054558264,142.09163956127264,254.65649331212043
2025-11-03,3,10.904220291137694,409.409400866429,143.71002032265713,167.79976580614783,0.5440426973238095,3.7206423553027768,3.9166666666666665,12.0,0.915356306457009,267.3999157289664,220.6990480798103,1487.5975831342878,2824.5971617791197,259.0459164037424,0.3905528609129953,55.78093713459117,,,,,321,3033.2126375190223,142.4088012454582,268.7606711839636
2025-11-10,6,13.716000366210935,486.463270932436,134.0409863070514,174.78730823197293,0.47546798799327245,2.7660634603491747,3.8240601503759395,10.166666666666668,0.579161790590362,268.9663771271706,248.14056743657784,1573.4526765176115,2918.2845621534643,221.3540031190702,0.3922589613304582,51.54328145101132,,,,,355,2744.8676132909727,140.398338452563,253.49245314548412
2025-11-17,4,14.721840393066406,493.6274494012197,145.5526973665321,174.5537056928034,0.5571113288406532,3.83234456573327,4.047480620155039,13.666666666666668,0.8979591836734694,330.9770509501298,275.4044393191797,1895.4869077588764,3550.3721625095254,238.3598348632899,0.3089182703830112,44.537141546454635,,,,,412,3010.0091551591117,142.89752253320736,274.1076147119204
2025-11-24,4,14.76756039428711,690.1592619121075,137.15941088237224,182.97611670319318,0.4975844743430655,3.198275966964272,3.85891472868217,13.083333333333334,0.6692936559843035,233.54982942938804,306.49159363481806,1818.0083387863956,2985.7574859333354,205.0809786129122,0.6387058414325005,79.56451947073728,,,,,416,3069.752843093861,140.11577871965324,275.2232933089137
2025-12-01,6,20.939760559082032,771.3254651844502,137.5585878600898,157.6417910447126,0.5004155167382255,3.126442882229604,3.4335978835978835,20.5,0.870715985851327,438.2475994984309,386.77900899148074,2428.523943057797,4619.761940549952,220.5455241127863,0.3716262326317898,51.0777584580598,,,,,614,3518.544037786569,138.5779206040114,317.93521425127983
2025-12-08,6,20.80260055541992,773.4363039175669,139.74941426720576,167.93248945129665,0.5159532926752181,3.310714627876178,3.637575075075075,20.083333333333336,0.8754917484807803,329.00792498985925,398.6320857766798,2568.5221887715816,4213.561813720878,199.65017299827056,0.4085667983360666,56.83347124468585,,,,,609,3842.363350678422,140.00502759404998,332.945601216952
2025-12-15,3,8.709660232543945,366.7488475998243,141.51441986431738,160.04388489217197,0.5284710628674992,3.575056862241656,4.118181818181818,10.583333333333332,0.8245141747129656,245.4497356414795,193.95269060245866,1303.4329964768035,2530.681674684201,291.16092476154176,0.3999641451220066,56.73312786119603,,,,,315,3587.440728722091,138.9954582184963,311.5637723897894
2025-12-22,3,10.929600219726563,376.05001715024315,139.615307616218,171.9635307549407,0.5150021816753049,3.3596946379147785,3.7070105820105823,12.0,0.8717053438364913,131.01686632037163,193.3716324620379,1264.0134388218178,1919.0977704236757,178.34664641921395,0.36645398603626145,51.15837552934789,,,,,332,3320.7757998446764,139.60943240195775,285.9305316125353
2025-12-29,5,18.173700485229492,714.1116822838783,139.90894883022355,171.1815709606047,0.5170847434767627,3.321304175917759,3.9244444444444446,19.0,0.7909437634964567,296.1847932855288,369.0166058240949,2368.6152007221103,3849.5391671497546,211.90709370391806,0.36165752144057756,50.39181674206159,,,,,502,3128.220106494627,140.19702264449117,250.41483005930976
2026-01-05,6,16.939260452270506,785.5320434808731,133.37768974308582,168.92979452054797,0.470763757043162,2.6996087244289444,3.5124999999999997,17.0,0.6466172837508891,342.1390227675438,369.3456992224784,2119.341373949307,3830.0364877870265,226.0576059460275,0.4197022979516343,55.69451778484944,,,,,498,3032.338775011164,138.60409151346119,253.6976045037309
2026-01-12,3,4.526280120849608,223.8196153819561,144.0430828066611,181.10247747747758,0.5464048426004333,3.692341452710116,4.333333333333333,3.5833333333333335,0.6730305025235901,100.23325440088908,102.37008389612039,578.2241368161434,1079.3904088205888,231.79647021529968,0.48530307074610207,64.43855078934808,,,,,129,2669.515958545261,139.23625724904713,217.3934841935833
2026-01-19,3,9.761220260620117,331.2459985991319,140.86568269596813,165.6917293233083,0.5238700900423271,3.746349857291527,4.055555555555555,10.5,0.8984760589792996,192.0498770316442,172.42029299324423,1212.503937639893,2172.753322798114,231.4890064679374,0.3449797970921429,48.53707861837834,,,,,305,2732.929846638871,139.54885101898464,232.65173687140145
2026-01-26,4,13.418820358276367,497.8366745332877,139.02884999526464,165.98048780487807,0.5108429077678344,3.5085126789772505,4.226190476190476,13.0,0.7663095904150313,325.84121608336767,252.30003778763782,1721.964718492563,3351.170798909401,251.897723821634,0.36878269706890443,50.73972239077744,,,,,391,2608.3377545787826,139.32882631024492,240.06584257086115
2026-02-02,4,10.835640289306639,472.57888378302255,135.53828141560962,162.80492844573783,0.4860871022383661,2.956738932615364,3.6833333333333336,11.0,0.7207519911442161,274.278861451149,228.11187441228793,1377.5574896688674,2748.951796924612,256.5105179792259,0.38662824530829637,52.30949225948808,,,,,373,2338.0665818631787,139.86897422837586,223.10080224176244
2026-02-09,6,19.61388052368164,754.6870118816694,143.7106912498672,172.37345679012344,0.544047455672817,3.850492435780282,4.137412329272794,20.583333333333332,0.8874481413530355,353.3164051651955,404.9735129213595,2836.8260368330375,4603.408062659015,233.62230412955793,0.34473289561020387,49.160135365222686,,,,,592,3219.070995322785,139.7858763391774,286.371589932839
2026-02-16,6,19.065240509033202,776.7901444812616,141.4427767088638,199.0,0.5279629553820127,3.3774174148770997,4.631014748127146,348.7,0.6507922076757039,123.01633018652598,412.0175437085784,2647.9919058294117,3263.073556762042,169.83617879913228,0.34175367175455706,48.337910308646634,2.2457958656691703,1.1228979328345852,-3.469872071684308,-4.626496095579077,549,3491.651053813767,139.9301498424013,269.1132032215595
2026-02-23,3,6.080760162353515,228.42462097803752,128.68108412557248,192.0,0.43745449734448577,2.419314599988794,4.406778954827597,100.05,0.4022835726579028,15.866388118267059,109.79208898029825,649.7970520220257,729.128992613361,106.59590007075194,0.45612931017161684,57.55121972274896,0.32942001775833124,0.16471000887916562,-5.776016936427735,-7.70135591523698,175,2836.140602239757,137.34320837497827,191.61949623028434
2026-03-02,6,20.482560546875,866.7692855854829,140.2918043371058,196.0,0.5198000307596157,3.17202679473616,4.428245451000936,452.2,0.6191853515414382,120.91663065751393,438.2527210863676,2608.4313001651735,3213.0144534527435,156.98929355935482,0.3491254654812838,48.261932008180054,2.9002069742456293,1.4501034871228147,-4.417068756023196,-5.889425008030927,593,2952.1562663717896,138.5315891053523,153.27893853187558
2026-03-09,5,17.452660263061524,767.7836181660493,144.0276976978016,198.0,0.546295728353203,3.4222178923393995,4.399917439492279,479.48333333333335,0.6952787094370183,90.13329365253449,409.0689349823655,2499.394975905773,2950.0614441684456,172.896556804084,0.40223958969630347,57.79346234994637,3.028387168636167,1.5141935843180836,-4.760388308914335,-6.347184411885779,477,2538.8196117491475,138.61084071733592,87.48316065371034
2026-03-16,4,12.91590034484863,497.09142515063286,139.2115986432105,194.0,0.512138997469578,3.1207316332931154,4.355045675694759,287.6666666666667,0.627973489079629,56.74965850512187,253.66557636118512,1546.9361610939714,1830.6844536195806,142.07300072690828,0.35559314149650684,49.13648594660064,2.348531109889179,1.1742655549445895,-3.1078587170907466,-4.143811622787663,386,2180.7223359635323,138.0530462009226,70.9164927333593
2026-03-23,7,17.755180191040036,737.2059417009353,136.67188725169362,193.0,0.49412685994108957,2.9221642810706254,4.30958739806808,416.65000000000003,0.5645146794871008,114.366688199838,373.561737368036,2268.795085729059,2840.6285267282487,170.854670212213,0.4988893049301218,68.21670774439872,4.118946929600711,2.0594734648003556,-7.01494602305304,-9.35326136407072,552,2708.597219492254,140.0507469824529,95.54156775375203
2026-03-30,4,9.87084017944336,372.3137745698293,148.07769469099972,200.0,0.5750191112836859,3.881120952748074,4.896393007118488,252.5,0.7384653574711676,73.86672892173132,211.13266322132029,1408.3301557821792,1777.6638003908356,181.434109413972,0.3184897086833953,46.94541109737056,1.9718793577842753,0.9859396788921376,-1.8145078583454228,-2.4193438111272307,298,2349.759556226777,141.99721957092638,83.7790923198064
2026-04-06,5,11.18282029724121,520.0808270176252,136.5341964298728,189.0,0.49315032928987773,2.7456821627545085,3.8180589564295717,303.8833333333333,0.5464554869014479,83.699922366937,266.88068333425804,1618.150997788578,2036.650609623263,183.59007573860055,0.34709085991468935,47.00343980557145,1.0895721327432852,0.5447860663716426,-4.0069936440605725,-5.342658192080764,343,2121.4068475904814,140.12384425394416,82.17074949840702
2026-04-13,3,9.132120147705077,355.4496516525745,148.64783441148722,195.0,0.5790626554006185,3.9080045134087626,4.617862551518708,265.3666666666667,0.8040396626519782,70.38329773346584,203.52479423929816,1351.4987498553592,1703.415238522688,180.41588961649538,0.34953038125739805,51.76293065989187,2.5432127926782266,1.2716063963391133,-3.2619349925516588,-4.349246656735545,314,2089.5895438162584,142.48290319601332,85.57915930549301
2026-04-20,4,16.350300064086916,453.1045954008897,126.43801847784806,190.0,0.42154623033934796,2.4420231084611395,4.198412708146059,175.05,0.4461224095740731,26.83329043388367,189.1971695579093,1090.3331366184207,1224.499588787839,81.81290354102012,0.3570304955642905,43.98974080571338,3.644354821583442,1.822177410791721,-5.754532966405835,-7.672710621874446,316,1685.557309331156,139.92443600255194,63.695809864004424
2026-04-27,5,14.264640380859374,620.7128502686818,142.65075867372457,194.0,0.5365302033597487,3.336950780672878,4.620232268266971,383.1166666666667,0.6448406226834921,89.8664926012357,332.56912527853456,2068.92426363006,2518.2567266362385,177.2819288184804,0.36390173605614134,51.7065761477426,3.1772384782867453,1.5886192391433727,-3.5459503347071264,-4.7279337796095025,428,1870.7055408925066,138.56770199823316,67.69575078388053
2026-05-04,5,9.052560241699219,430.77893051703774,132.338564994901,193.0,0.46339407797802135,2.5933245064863852,3.9523777677477936,215.16666666666666,0.530380985519827,32.016666666666666,202.39383015259708,1147.742050673966,1307.8253840072994,141.97775755184904,0.4382769618543489,56.8812537617546,2.5178423320819645,1.2589211660409823,-5.997008526937117,-7.99601136924949,257,1688.4992344885156,137.5187941394902,54.774936858812936
2026-05-11,4,10.721340286254883,465.35653918385503,137.29525291019942,191.0,0.4985478929801377,2.932124844759297,4.2502746088247765,263.4,0.5975642699870679,54.22916663487752,231.68406067560173,1353.8243830288388,1624.9702162032265,153.50342049271637,0.3473223654633969,47.6709638406834,4.219211870712673,2.1096059353563366,-3.8614339880795963,-5.148578650772795,325,1668.8879789086502,134.68064876416827,50.73640408416586
2026-05-18,2,4.389120117187499,315.93811463117595,107.95533076918733,163.0,0.2904633387885626,1.408487439999759,3.094182072285034,57.016666666666666,0.19511182620874729,17.283333333333335,91.75543022868167,445.10324725085184,531.5199139175185,133.63096574416858,0.7311926639438204,78.84576579520865,9.697305882358695,4.848652941179347,-10.721436175256036,-14.295248233674716,174,1495.6430601910702,130.0599768370031,48.34891480902828
2026-05-25,4,10.149840270996092,499.6550249477227,133.79303054986696,195.0,0.4737094365238791,2.8474454597562406,4.020973148991646,284.01666666666665,0.5371477240046945,65.149751329422,253.0657036480456,1537.472804823883,1863.221561470993,270.0794068349886,0.350774547346266,47.327223367305955,2.1023653559916116,1.0511826779958058,-2.6390171798402293,-3.518689573120305,285,1331.8842688997588,127.84554480603867,42.169729491074854
2026-06-01,8,23.565900344848632,1129.5784115036329,140.58707170913144,201.0,0.5218941255966768,3.1655924633715333,4.296386929221072,707.55,0.65930821069403,111.73328831593196,589.7226861561563,3576.447746305611,4135.11418788527,187.07756799751203,0.48472771949351967,68.2445635708119,3.522046135971693,1.7610230679858465,-4.190165066123131,-5.586886754830842,878,2038.7064698692516,129.90767148459628,62.09888490339117
2026-06-08,5,19.084640075683595,902.0442905465762,131.6648569249507,190.0,0.4586160065599342,2.7341795708420387,4.222080487419336,422.0833333333333,0.5408132468860004,81.01654079755147,385.7281149394378,2344.3605421572984,2749.4432461450556,144.76372429443927,0.565231136486225,71.42261220880546,1.0222662723526963,0.5111331361763481,-3.35179610868733,-4.469061478249774,613,2319.824727354709,128.5000724882841,68.79572844405966
2026-06-15,4,15.888920074462892,561.3785140852133,140.9903506955264,188.0,0.5247542602519601,3.1952118045053433,4.189885395187904,360.48333333333335,0.6803855811149784,80.39998749891917,294.50894994067613,1792.824793140675,2194.8247306352705,145.320122142328,0.41726677270088225,59.08228996710056,3.295772177469421,1.6478860887347104,-2.530857916704439,-3.3744772222725854,478,2735.650931534147,136.7588274698689,84.57489198545613
