week_start,sessions,total_distance_km,total_duration_min,mean_avg_hr,max_hr,mean_hrr_intensity,mean_sample_zone_depth,mean_active_zone_depth,total_active_zone_minutes,mean_active_zone_share,total_near_max_min,total_simple_hr_load,total_zone_weighted_load,total_combined_load,mean_load_per_km,mean_hr_efficiency_proxy,mean_pace_50_s,mean_hr_rise_bpm,mean_hr_rise_bpm_per_min,mean_hr_drop_bpm,mean_hr_drop_bpm_per_min,total_transition_events,load_4w_avg,hr_4w_avg,near_max_4w_avg,load_delta,load_pct_change,acute_load_2w,chronic_load_6w,acute_chronic_ratio,near_max_share,load_per_hour,high_intensity_week,high_load_week,low_load_week,load_phase,phase_with_intensity,previous_phase,phase_transition
2024-05-27,2,4.68630012512207,270.7860826333364,141.03388850335415,195.0,0.5250630390308806,3.107868051754255,4.10512285095988,181.01666666666665,0.6782416097783975,26.98319473663966,142.4909370047303,845.0585928392222,979.9745665224204,224.7124347523466,0.4944768118806728,70.22280113575944,4.526854629875516,2.2634273149377577,-2.101815977705852,-2.802421303607803,196,979.9745665224204,141.03388850335415,26.98319473663966,,,979.9745665224204,,,0.09964764242768276,217.13994094357702,False,False,True,recovery,recovery,,start -> recovery
2024-06-03,5,11.978640319824216,446.2467243393262,143.94129121536844,193.0,0.5456829164210527,3.454145364204908,4.68170903454894,291.33333333333337,0.6699769617823637,92.74984470804532,242.61703002222256,1536.8088530768305,2000.5580766170567,165.93440915273297,0.3284366312008467,47.29968939868169,3.910412757659139,1.9552063788295695,-4.284491365786819,-5.712655154382426,332,1490.266321569739,142.4875898593613,59.866519722342495,1020.5835100946363,104.14387729635908,1490.2663215697385,1490.2663215697385,1.0,0.20784431492547673,268.9845729954309,False,False,False,mixed,mixed,recovery,recovery -> mixed
2024-06-10,6,22.821800079345703,847.5358479897181,140.42011590029998,208.0,0.520710041846099,3.1746961064177,4.209617811736816,559.6166666666667,0.6777504426139437,117.32080900669098,442.3675354703368,2717.057662681323,3303.661707714778,194.3210704344624,0.414918337484727,57.88438572635602,4.120350511658889,2.0601752558294444,-3.786240795494583,-5.048321060659443,773,2094.731450284752,141.79843187300753,79.017949483792,1303.1036310977213,65.13700583495527,2652.1098921659177,2094.7314502847516,1.2660858707236184,0.13842577784168753,233.87766185117326,False,True,False,loading,loading,mixed,mixed -> loading
2024-06-17,6,25.045920043945312,902.4131684184074,142.2464291844971,198.0,0.5336626183297667,3.4006391422485858,4.345768400304267,628.9,0.7127803826807059,97.1748450756073,482.66131553611,3081.2480762813225,3567.122301659359,154.65285085148028,0.3337329217331026,47.10450298014592,5.069336286353908,2.534668143176954,-4.624035817536956,-6.165381090049273,783,2462.829163128404,141.9104312008799,83.55717338174581,263.460593944581,7.974805450852984,3435.3920046870685,2462.8291631284037,1.394896591334524,0.10768331899003472,237.17222397659754,False,True,False,loading,loading,loading,loading -> loading
2024-06-24,7,28.317520080566403,1079.477999917666,139.42911890205684,200.0,0.5136816943408288,3.15604037066058,4.2314990846078775,701.45,0.6596275308091801,135.5893369078636,556.8773266102557,3433.782617246622,4111.72930178594,191.7249430672184,0.4118846250267908,56.91802155812224,5.627256667854086,2.813628333927043,-4.615818070645406,-6.154424094193876,835,3245.7678469442835,141.50923880055558,110.7087089245518,544.6070001265812,15.267404761346137,3839.42580172265,2792.609190859911,1.3748525265507698,0.12560639208784735,228.5398666077243,False,True,False,loading,loading,loading,loading -> loading
2024-07-01,5,23.6,719.8056507349014,146.85647466537174,205.0,0.5663579763501541,3.675514376633481,4.544918730283685,527.35,0.7474204149265333,85.68332825303078,406.2017150421429,2631.1117878933937,3059.528429158548,132.84406644946867,0.2831618750349237,41.68968744041801,4.217453090766589,2.1087265453832944,-4.953514072970325,-6.604685430627102,657,3510.5104350796564,142.2380346630564,108.94207981079816,-1052.200872627392,-25.590227259619592,3585.628865472245,2837.09573057635,1.2638378137292645,0.11903675410932174,255.029542435644,False,True,False,mixed,mixed,loading,loading -> mixed
2024-07-08,3,10.74456005859375,395.0008215506872,148.51352479320872,200.0,0.5781101049163739,3.795575776610796,4.621210637859302,301.6333333333333,0.771751220962114,54.233320605754855,228.57671033568076,1499.466695904629,1770.6332989334032,179.73937210555596,0.3071212406092331,45.43480854612539,3.887527291658359,1.9437636458291796,-6.03023980376987,-8.040319738359827,324,3127.2533328843124,144.26138688628362,93.17020771056414,-1288.8951302251448,-42.1272480406278,2415.0808640459754,2968.8721859781813,0.8134674424356388,0.13729926027203349,268.95639740428123,False,False,False,unloading,unloading,mixed,mixed -> unloading
2024-07-15,3,10.40130027770996,414.7405689020952,137.66327381488034,187.0,0.5011579703183004,3.210511296373756,4.324071333678867,268.55,0.6587369252409125,39.28325183590253,207.8198684765446,1332.7066620536032,1529.122921233116,146.37863283892707,0.3918437663565894,53.86903023301043,1.819847980260218,0.909923990130109,-1.9096678607012136,-2.5462238142682847,357,2617.753487777752,143.1155980438794,78.69730940063795,-241.51037770028734,-13.639773850732883,1649.8781100832596,2890.299660080857,0.5708328907450045,0.0947176494932567,221.21630280071562,False,False,True,recovery,recovery,unloading,unloading -> recovery
2024-07-22,5,14.424660385131835,682.9032264490922,137.28123493414188,191.0,0.498448474710226,2.9635769695140035,4.084871800507967,424.1166666666667,0.6357832042754962,71.84997036059697,338.707047161716,2018.6323106314064,2377.882162434391,172.49850522104515,0.4342910915398967,59.20682255819335,3.918209397764096,1.959104698882048,-3.53881186114075,-4.718415814854335,525,2184.2917029398645,142.57862705190067,62.76246776382128,848.759241201275,55.50627941126003,1953.5025418337534,2736.003069200793,0.7139986660922811,0.1052125214493376,208.9211534230453,False,False,False,mixed,mixed,recovery,recovery -> mixed
2024-07-29,2,0.6446759185791,95.07747419675192,115.41152398334567,174.0,0.3433441417258559,1.523454602436519,2.7154041733864336,23.55,0.2419404207026806,4.075,33.35243151326944,148.23223264614356,168.60723264614353,252.6642143540603,4.066514179125967,454.1208251325239,,,,,1,1461.5614038117633,134.71738938139416,42.36038570056358,-2209.2749297882474,-92.90935289772604,1273.2446975402672,2169.5838910319235,0.5868612422885714,0.042859783922817044,106.40200577724448,False,False,True,recovery,recovery,mixed,mixed -> recovery
2024-08-05,7,6.338447875976562,502.5306140681108,107.9481549350094,170.0,0.2904124463475845,1.2904979654656377,2.604642711111439,66.38333333333333,0.1762268610898714,22.46666667064031,134.17863171875723,620.1266374101925,732.459970763394,119.58503500442008,2.2351546067681407,236.1021858603695,,,17.125,22.83333333333333,7,1202.018071769261,124.57604691684432,34.41872221678496,563.8527381172505,334.41788306947063,450.5336017047688,1606.372335861499,0.2804664844176037,0.04470706070773885,87.45257903799504,False,False,True,recovery,recovery,recovery,recovery -> recovery
2024-08-12,5,8.979870529174804,459.7196959177653,133.2703452553303,198.0,0.4700024486193639,2.928202707223284,3.827722707517494,315.76666666666665,0.5596780293090285,60.94986568291982,246.14654762186572,1606.7343355637809,1911.48366397838,192.3659833062424,0.733753590723947,91.40839684896368,4.2963582025053055,2.1481791012526528,-4.161824314882182,-5.549099086509576,302,1297.6082574555771,123.47781477695682,39.83537567853928,1179.023693214986,160.96766243569166,1321.971817370887,1415.0315416648045,0.9342348763587055,0.13258049682044196,249.47597602870246,False,False,False,mixed,mixed,recovery,recovery -> mixed
2024-08-19,4,10.67562028503418,519.1172305504481,140.50725740837714,192.0,0.5213280667260789,3.194761171078561,4.505687379525002,305.5,0.6205385055061023,83.93330446481704,268.3547313845671,1643.4869719967585,2063.1534943208435,193.54396336348424,0.3954652347054425,55.24906063619935,2.923840021381205,1.4619200106906027,-5.026686683772002,-6.702248911696001,348,1218.9260904271905,124.28432039551564,42.85620920459429,151.66983034246346,7.934665265555685,1987.3185791496117,1463.7849075627116,1.3576575143533995,0.16168468223606836,238.46099180331618,False,False,False,loading,loading,mixed,mixed -> loading
2024-08-26,5,16.253460433959958,593.0310597141583,152.08660175777575,196.0,0.6034510762962819,4.071271082265254,4.849229875537387,447.6333333333333,0.7936666789653666,129.74972523053486,354.3130103858477,2372.372375565385,3021.12100171806,187.0261678613749,0.3207888782232861,48.53736679217036,2.2050233367322862,1.1025116683661431,-2.2290335389773808,-2.972044718636508,450,1932.0545326951687,133.45308983912315,74.27489051222801,957.9675073972167,46.43219760595485,2542.137248019452,1712.451254310202,1.4845019626812432,0.21879077512917178,305.6623378047933,False,True,False,loading,loading,loading,loading -> loading
2024-09-02,2,6.560820175170898,267.3458815495173,156.9046775461744,205.0,0.637621826568613,4.496029682617511,4.80391219214466,240.16666666666663,0.9185741523877078,42.822918421030046,170.1961877216341,1195.737081269789,1409.8516733749393,217.58067719067665,0.2875264432824342,45.108597703680815,2.076679824954132,1.038339912477066,-2.836193451635419,-3.781591268847224,152,2101.4024583480555,145.6922204919144,79.36395344982544,-1611.2693283431208,-53.3334920192478,2215.4863375464997,1551.1128394669602,1.4283205458526482,0.16017796187033637,316.4107107699303,False,False,True,recovery,recovery,loading,loading -> recovery
2024-09-09,5,16.322040435791013,589.8131827692191,149.80220893983983,195.0,0.5872497087931903,4.007783822526041,4.612577110961185,447.8833333333333,0.8303519932840334,102.6332158823808,342.5278292694712,2326.147153609652,2839.313233021556,174.78431300391503,0.3299192005339801,49.15099774054503,2.380730626400738,1.190365313200369,-3.657833880084489,-4.8771118401126525,446,2333.3598506088497,149.8251864130418,89.7847909996907,1429.4615596466165,101.39091839531847,2124.5824531982475,1996.2305061961954,1.0642971573691788,0.17400970151346873,288.8351752014858,False,False,False,loading,loading,recovery,recovery -> loading
2024-09-16,4,13.441680358886718,504.8306308329105,145.11139918045092,196.0,0.5539815544712832,3.550592005510549,4.234836146823026,266.0333333333333,0.7918939111975327,97.09984072049458,279.52399711952364,1790.825702190868,2276.324905793341,178.41247971418983,0.3795452270164176,54.82633965731298,3.639597942726059,1.8197989713630296,-2.759543942963544,-3.6793919239513913,405,2386.6527034769742,150.97622185606022,93.07642506361007,-562.988327228215,-19.828327522324507,2557.8190694074483,2253.5413287011866,1.1350220370183448,0.1923414206469433,270.5451809100025,False,False,False,mixed,mixed,loading,loading -> mixed
2024-09-23,5,17.190720458984377,539.9510209918022,156.47529131471816,202.0,0.6345765341469374,4.408560711572131,4.906323083822273,440.65,0.8730533328298126,105.7832512676716,342.9499247250972,2382.473489761396,2911.389746099754,170.67378602714737,0.3038079162229026,47.47569188868226,1.791338522873793,0.8956692614368965,-2.6920094563058976,-3.589345941741197,471,2359.2198895723977,152.07339424529584,87.08480657289425,635.0648403064133,27.89869050284286,2593.8573259465475,2420.192342388082,1.0717566866553692,0.19591267940074447,323.51709317100705,False,False,False,loading,loading,mixed,mixed -> loading
2024-09-30,4,10.773903710862008,425.9595507999261,141.8870942033822,204.0,0.5311141432863985,3.3857648904980557,4.18244459370024,298.75,0.6783245787469726,89.4999923467636,246.98031371832496,1618.7233814213864,2066.2233431552045,202.03381990456856,0.968930801312633,116.81854846526956,2.7926470480288548,1.3963235240144274,-3.096940146932006,-4.129253529242675,315,2523.312807017464,148.31899840959778,98.75407505432764,-845.1664029445496,-29.029655135550904,2488.8065446274795,2420.703983860476,1.0281333699704973,0.21011382930301262,291.0450073404805,False,False,False,mixed,mixed,loading,loading -> mixed
2024-10-07,4,14.561820388793944,516.1443859179815,143.63841278980595,194.0,0.5435348424808933,3.463360959342509,4.430466905801342,348.3,0.7210845486166101,82.06642294923464,280.4534905373576,1785.3231723420351,2195.6552870882083,157.51535675990914,0.4135326867263131,59.35954628822057,0.2598702297196285,0.1299351148598142,-0.2696015412200707,-0.3594687216267609,303,2362.398320534127,146.7780493720893,93.6123768210411,129.43194393300382,6.264179734575848,2130.9393151217064,2283.1263647555006,0.9333426953570781,0.1589989646080845,255.23733439624525,False,False,False,holding,holding,mixed,mixed -> holding
2024-10-14,4,12.710160339355468,506.2834190825621,145.09096553167447,198.0,0.5538366349764147,3.517068884353334,4.452518357138259,335.75,0.7233626599644742,49.33333334724109,279.4954801544157,1773.3011691497145,2019.96783588592,161.93880029952197,0.37311678717732,53.9150017954026,1.3449759240690913,0.6724879620345456,-2.720572445326072,-3.6274299271014288,429,2298.309053057272,146.7729409598952,81.67074997772772,-175.68745120228823,-8.001595343104972,2107.811561487064,2384.812391840664,0.8838479574740036,0.09744212725085524,239.38779265728007,False,False,False,unloading,unloading,holding,holding -> unloading
2024-10-21,6,19.979640533447267,707.142199454705,146.59188659527163,203.0,0.5644814652146923,3.783004966733658,4.724173182930091,492.75,0.7449396868656178,149.23330359657606,399.5140788273407,2697.580693732295,3443.747211715176,173.8069321711545,0.325581011848263,47.679206020270605,2.2665304684734764,1.1332652342367382,-2.512633664119031,-3.350178218825375,603,2431.398419461127,144.30208978003355,92.53326305995384,1423.779375829256,70.4852498408626,2731.857523800548,2485.5513882896007,1.099095169253547,0.21103719126316262,292.1970048771579,False,True,False,loading,loading,unloading,unloading -> loading
2024-10-28,5,19.339560516357423,653.1793548007806,142.46979943698148,200.0,0.5352468045175991,3.312958918187716,4.54813860016608,379.45,0.6429306243573231,99.533314371109,350.699160184011,2176.6251578554334,2674.2917297109784,136.04741492781034,0.348382138763745,49.62482008837708,2.113524429458894,1.056762214729447,-4.299844292619647,-5.733125723492863,484,2583.4155161000704,144.44776608843338,95.0415935660402,-769.4554820041976,-22.343552958434664,3059.019470713077,2551.8791922758737,1.1987320873073597,0.1523828235530601,245.6561166597162,False,False,False,mixed,mixed,loading,loading -> mixed
2024-11-04,5,18.996660507202147,675.7137305676937,142.2665087050806,203.0,0.5338050262771674,3.497331361163039,4.722446643197625,420.1666666666666,0.6648246331544084,114.43321496645608,360.9499363873555,2369.9733932783743,2942.1394681106544,154.49818774845156,0.3411967380233558,48.4013757763543,0.9674376583187932,0.4837188291593966,-2.3187096152891997,-3.0916128203855986,536,2770.0365613556824,144.10479006725205,103.13329157034556,267.847738399676,10.015651449837272,2808.2155989108164,2557.004145944357,1.098244444916096,0.16935162005708576,261.2472709979281,False,True,False,loading,loading,mixed,mixed -> loading
2024-11-11,4,10.561320281982422,380.0538542151451,117.88142848188876,189.0,0.3608611949070125,2.636253984234142,4.249351353376186,210.9,0.5054792964964224,48.6332171857357,186.9789864738843,1181.0556820683055,1424.2217679969838,135.22748271093954,0.3670334656340586,51.03747911189949,-0.1800770175760919,-0.0900385087880459,-1.521989868189,-2.0293198242520005,310,2621.100044383448,137.30240580480563,102.95826252996922,-1517.9177001136707,-51.5923094933507,2183.180618053819,2450.003883417987,0.8910927173748296,0.12796401522139247,224.8452558290454,False,False,True,recovery,recovery,loading,loading -> recovery
2024-11-18,5,20.34540054321289,679.5218054016431,143.74764010830268,201.0,0.5443095043142033,3.5892958814534857,4.51685926192214,430.25,0.7310148408968823,55.649941591421765,371.5070432362896,2456.65235769527,2734.902065652379,134.5518230607904,0.3068035264502896,43.976343755032055,0.8361047310392902,0.4180523655196451,-2.3843857770701846,-3.179181036093579,592,2443.8887578677486,136.59134418306337,79.56242202868066,1310.6802976553952,92.02782369340747,2079.5619168246812,2539.8783465120155,0.8187643788847284,0.08189574072391821,241.48470679635082,False,False,False,mixed,mixed,recovery,recovery -> mixed
2024-11-25,4,12.664440338134764,509.3504461586475,139.96910501717383,192.0,0.5175113831005236,3.304826801336634,4.507532660332564,283.8,0.6433966104020313,48.13333334128062,256.04739592245704,1605.0457393805125,1845.7124060869155,146.89167798472468,0.368968423140238,50.94382364507593,0.0903623144830934,0.0451811572415467,-2.9349000020165223,-3.9132000026886966,396,2236.743926961733,135.96617057811147,66.71242677122355,-889.1896595654634,-32.51266912745403,2290.3072358696472,2510.835774878848,0.9121692700033949,0.09449944277910481,217.41954915402562,False,False,False,unloading,unloading,mixed,mixed -> unloading
2024-12-02,4,6.172200164794921,352.5928131679694,126.8801791509632,198.0,0.4246821216380368,2.7262753439264653,4.726720496698561,147.83333333333334,0.4638956683656315,63.14997762044271,151.7960185704999,948.829558681649,1264.5794467838623,170.7415052974737,0.3337719764846632,44.24281588975605,0.499261908603949,0.2496309543019745,-3.29123765180098,-4.388316869067974,173,1817.353921630035,132.11958818958212,53.8916174347202,-581.1329593030532,-31.48556391486309,1555.1459264353891,2147.641147390296,0.7241181462392464,0.17910171524216265,215.190905694627,False,False,True,recovery,recovery,unloading,unloading -> recovery
2024-12-09,3,8.686800231933592,258.57678591807684,151.92664561630474,194.0,0.6023166355766293,3.987892718110052,4.733579839731052,183.3,0.7986572921511362,58.76669134100278,158.1313320400199,1059.776767280442,1353.610223985456,155.77718032858277,0.3270167663516923,49.687721539656486,2.5850050385458725,1.2925025192729362,-2.5994513130672607,-3.4659350840896805,288,1799.7010356271533,140.63089247318612,56.42498597353697,89.03077720159376,7.040346688222798,1309.0948353846593,1927.5275631027082,0.6791575178709413,0.2272697880915785,314.0908923852843,True,False,True,recovery,recovery + intensity,recovery,recovery -> recovery
2024-12-16,5,22.128480590820317,664.8837490558624,150.64833867833832,196.0,0.5932506289243853,4.086744338283711,4.801135830086539,472.1666666666667,0.8127423304677637,104.04999999602636,393.98234637529777,2712.3372190598984,3232.5872190400305,145.88355327948483,0.3172666568666535,47.76071248764349,2.096550657284378,1.048275328642189,-2.071368494924828,-2.761824659899771,671,1924.122323974066,142.35606711569503,68.52500057468812,1878.9769950545744,138.8122638082825,2293.0987215127434,1975.935521590938,1.1605129299292314,0.15649352258011687,291.71300008132107,False,True,False,loading,loading,recovery,recovery -> loading
2024-12-23,3,15.133320404052734,396.7181224147479,149.44962549885,199.00000000000003,0.5847491170131206,4.016281585024996,4.831365147589128,275.55,0.7738732080228635,81.33323511282603,232.3528126387314,1595.0741050144975,2001.740280578628,130.6529915706242,0.3194309983491165,47.49651951993064,-0.8057474016313341,-0.402873700815667,1.5797821896953623,2.10637625292715,332,1963.1292925969944,144.72619723611405,76.82497601757447,-1230.8469384614025,-38.07621744006408,2617.163749809329,2072.1886070212117,1.2629949517826582,0.20501517454702112,302.74497193035927,False,False,False,mixed,mixed,loading,loading -> mixed
2024-12-30,6,28.552140762329103,891.0586004177729,147.15802903154557,194.0,0.5684966597981954,3.821531438687236,4.708348641747373,634.2,0.7541109830783679,211.8665539820989,507.979792919485,3434.4983128969207,4493.831082807415,162.56750517424229,0.3409231534303845,50.02721978911273,1.6469348360137832,0.8234674180068916,-1.944717662381434,-2.5929568831752454,868,2770.4422016028825,149.79565970625964,114.00412010798853,2492.0908022287877,124.49621094243142,3247.7856816930216,2365.343443213718,1.3730715051173952,0.2377694956120341,302.59498628039603,True,True,False,loading,loading + intensity,mixed,mixed -> loading
2025-01-06,4,16.024860427856442,495.6696750322978,150.30921011261256,206.0,0.5908454617915784,3.892329348348401,4.8315270404533415,333.31666666666666,0.7542549023335915,93.11638272603354,293.05340657152584,1932.153839209559,2397.735752839727,149.9466426883888,0.3314508775327544,49.44130725560312,2.9794006223978893,1.4897003111989446,-2.394609184475942,-3.192812245967924,381,3031.4735838164497,149.3913008303366,122.5915429542462,-2096.0953299676885,-46.6438388836414,3445.783417823571,2457.3473343391865,1.4022370259474077,0.18785975300983682,290.2419744782842,False,False,False,mixed,mixed,loading,loading -> mixed
2025-01-13,4,16.253460433959958,523.7306496322155,144.60678440246537,193.0,0.5504027262586196,3.537668297217971,4.663593974419359,323.6333333333333,0.6896430290772446,91.54987700184186,287.8485019322197,1849.2402576185852,2306.989642627794,144.94316246929864,0.3242518530113524,46.91899946878957,0.5091263014963763,0.2545631507481881,-3.168469410045235,-4.224625880060313,375,2800.074189713391,147.8809122613684,119.46651220570008,-90.74611021193277,-3.784658509781935,2352.362697733761,2631.082366979842,0.8940665359838138,0.1748033594484719,264.29497424844476,False,False,False,unloading,unloading,mixed,mixed -> unloading
2025-01-20,7,18.831620040893554,692.2948616325855,143.7310942178872,202.0,0.544192157573668,3.557128779536659,4.589654611883837,406.9166666666667,0.6974146875400643,97.26868598858516,352.01988195477264,2215.9875143768822,2702.330944319808,183.7486720606697,0.3676983782861545,53.32989414173862,4.137438332164352,2.068719166082176,-4.873301151547166,-6.497734868729556,544,2975.2218556486864,146.45127944112767,123.45037492463987,395.341301692014,17.13667432167998,2504.660293473801,2855.8691537022337,0.8770220758282502,0.14050181704253,234.20635576700164,False,False,False,mixed,mixed,unloading,unloading -> mixed
2025-01-27,5,16.093440429687497,546.1657298823197,136.8911030023624,195.0,0.4956815815770383,3.0556511846349097,4.08989965668952,303.8,0.6609213452965396,69.76653009255728,268.6630898696302,1661.5436682058717,2010.3763186686576,124.8842659511367,0.3357302563840398,45.753589137061546,0.3047601600694207,0.1523800800347103,-3.290099170048987,-4.38679889339865,503,2354.358164613997,143.8845479338319,87.92536895225446,-691.9546256511505,-25.605843248237658,2356.353631494233,2652.167336973672,0.8884634082640558,0.127738754512462,220.85343792278866,False,False,False,unloading,unloading,mixed,mixed -> unloading
2025-02-03,1,0.0,120.16042175094286,,,,,,0.0,,0.0,0.0,0.0,0.0,,,,,,,,0,1754.9242264040652,141.74299387423832,64.64627327074608,-2010.3763186686576,-100.0,1005.1881593343288,2318.543956877234,0.4335428519061513,0.0,0.0,False,False,True,recovery,recovery,unloading,unloading -> recovery
2025-02-10,6,22.014180587768557,800.5974978824456,132.06857828734232,194.0,0.4614792786336334,2.693619168270736,4.029347403492241,369.15,0.5599108313857869,81.64583331545194,367.7069222013392,2143.918043370996,2552.147209948256,126.96961321636844,0.4074571539954741,53.84587679648496,1.3255071347829568,0.6627535673914784,-2.8787181134804265,-3.838290817973901,599,1816.2136182341808,137.56359183586395,62.17026234914859,2552.147209948256,inf,1276.073604974128,1994.9299780673737,0.6396583434022826,0.10198112476169675,191.2681878246137,False,False,False,mixed,mixed,recovery,recovery -> mixed
2025-02-17,5,18.49374049377441,667.9854733665784,140.19865104237584,194.0,0.5191393690948641,3.354033296638929,4.504085585938405,379.3666666666667,0.6662797058748795,73.26663500070572,347.79936224353,2253.340746623539,2619.673921627068,139.86355120621096,0.3363095386164439,46.86140764841648,2.06783169836162,1.03391584918081,-2.856768674227536,-3.809024898970048,538,1795.5493625609952,136.3861107773602,56.169749602178726,67.52671167881181,2.645878396653334,2585.910565787662,2031.9196728652641,1.272644091358789,0.10968297653457848,235.3051698945649,False,False,False,loading,loading,mixed,mixed -> loading
2025-02-24,5,16.162020431518556,604.1640813032786,142.19140864745623,195.0,0.5332724017550087,3.2430901410592603,4.137738772387079,381.31666666666666,0.716681990326447,72.64999999403953,322.6497795863189,1957.623585692112,2320.87358566231,149.97082521616937,0.3568806752901233,50.71834074473086,2.6778271756400343,1.3389135878200171,-4.398572660070655,-5.864763546760872,476,1873.1736793094085,138.1528793257248,56.890617077549294,-298.80033596475823,-11.406012538353426,2470.273753644689,2034.2336633710165,1.2143510345567143,0.120248790423492,230.48774240161518,False,False,False,mixed,mixed,loading,loading -> mixed
2025-03-03,3,9.692640258789062,395.8288171509902,135.97626901185424,189.0,0.4891933972471933,2.8710070370939813,4.183782042415069,191.38333333333333,0.590194991274836,34.33333332538605,193.7734994833949,1143.2103988539118,1314.8770654808422,144.2455000290514,0.4346426411972934,59.35536844644826,4.132116108792883,2.066058054396441,-7.17686773080344,-9.569156974404583,255,2201.892945679619,137.60872674725715,65.4739504088958,-1005.9965201814675,-43.34559738178869,1817.875325571576,1802.991350231189,1.008255156264881,0.0867378317033686,199.30995549209015,False,False,True,recovery,recovery,mixed,mixed -> recovery
2025-03-10,2,7.886700210571288,288.8383802155654,148.8090058256136,198.0,0.5802057150752737,3.886393417827376,4.74600674469306,197.16666666666669,0.7703506715151772,38.48333333333333,167.54130684913815,1121.8116235499365,1314.228290216603,167.40925353052202,0.3071204164586685,45.71069293311327,0.3448279477002793,0.1724139738501396,-2.100628933504751,-2.800838578006335,199,1892.4132157467056,141.79383363182498,54.68332541336616,-0.6487752642392479,-0.04934113471680712,1314.5526778487226,1686.9666788225131,0.7792404523166208,0.13323483293533397,273.0028376220162,False,False,True,recovery,recovery,recovery,recovery -> recovery
2025-03-17,3,6.286500167846678,251.21752591927844,141.88981303242227,183.0,0.53113342576186,3.3184319210865447,4.373787686581577,131.33333333333331,0.6607864294991104,39.68333332935969,127.00824279865284,762.1269580134883,960.5436246602868,179.24825041751475,0.3783401831246118,53.49469430656978,-1.967801833267229,-0.9839009166336145,-3.352381784864212,-4.4698423798189495,190,1477.6306415050103,142.2166241293366,46.28749999552966,-353.6846655563162,-26.911965614286395,1137.3859574384448,1847.0572829325608,0.6157827198692097,0.15796403210383814,229.41320383091346,False,False,True,recovery,recovery,recovery,recovery -> recovery
2025-03-24,3,10.012680267333984,322.2019477347533,138.1494231981803,198.0,0.5046058382849666,3.011548919577141,3.930091044812056,193.46666666666667,0.6532292709654897,36.550733153025305,165.38060728662205,998.3424393908304,1181.096105155957,114.5214324194714,0.3374492603685537,46.056264710909154,-0.5594702298948254,-0.2797351149474127,-1.2149192325580127,-1.61989231007735,274,1192.686271378422,141.20612776701762,37.2626832852761,220.55248049567024,22.961214340855427,1070.8198649081219,1618.5487654671779,0.6615925869858116,0.11344044755159274,219.9420792070951,False,False,True,recovery,recovery,recovery,recovery -> recovery
2025-03-31,3,11.56716030883789,397.85762321750326,141.38092700205377,182.0,0.5275243049791047,3.448659858351333,4.568621360346611,242.2,0.6849502519391321,85.13333331545194,208.9484869049348,1362.4872350184046,1788.1539015956644,155.90326376378343,0.3337142222543434,47.16644276929103,2.3617324061846614,1.1808662030923307,-3.876583569571183,-5.168778092761578,372,1311.0054804071278,142.55729226456748,49.96268328279257,607.0577964397073,51.39783238549829,1484.6250033758106,1479.9620954619438,1.0031506941482926,0.2139793945054327,269.6674082252945,False,False,False,mixed,mixed,recovery,recovery -> mixed
2025-04-07,5,16.139160430908202,628.6747392495473,144.27561867281742,187.0,0.5480540331405489,3.585613182362944,4.4412843111427,424.06666666666666,0.7396109074124334,132.76641138394675,341.57699077389793,2225.926226442304,2889.7582833620377,181.42067254425064,0.3393188765371976,48.46899058554217,2.2788751663796307,1.1394375831898154,-3.05713082380654,-4.076174431742054,459,1704.8879786934865,141.42394547636843,73.53345279544591,1101.6043817663733,61.60568062868377,2338.956092478851,1574.7762117452319,1.485262524944242,0.21118458098448617,275.79523428711883,False,False,False,loading,loading,mixed,mixed -> loading
2025-04-14,6,20.66544055175781,776.4015329003335,140.9779764885009,192.0,0.524666499918446,3.293591831218679,4.400432873961607,478.23333333333335,0.667518867428253,148.27260838747026,407.1825845283469,2555.8287751436933,3297.1918170810445,165.02337148139307,0.3286743208082539,46.11939121677536,1.7353458958586188,0.8676729479293094,-3.68392251813132,-4.911896690841761,577,2289.050026798676,141.19598634038812,100.68077155997356,407.43353371900685,14.099225394207915,3093.475050221541,1905.162003678599,1.6237333330438448,0.19097413143117015,254.80566516379903,False,True,False,loading,loading,loading,loading -> loading
2025-04-21,4,15.430500411987303,494.791249370575,137.80499341080724,194.0,0.5021630738355124,3.1470028234382386,4.308989352788986,267.01666666666665,0.6298339301947938,62.35002913673719,247.4859030360452,1549.382376512972,1861.1325221966576,120.60101922004516,0.3332367001483828,45.3980930153423,1.4821727108901497,0.7410863554450747,-4.487062258248311,-5.982749677664414,396,2459.059131058851,141.10987889354482,107.13059555590152,-1436.0592948843869,-43.55401124814476,2579.162169638851,1996.312709008608,1.2919630065971444,0.12601279674216712,225.68699724146802,False,False,False,mixed,mixed,loading,loading -> mixed
2025-04-28,9,19.362420516967774,794.0817902247111,130.84830248653623,197.0,0.4528248403300442,2.576090575345328,3.8349285317561055,450.2333333333333,0.5138536027457128,59.266608864068985,396.6039901865056,2355.4784881994906,2651.8115325198355,136.3581649012688,0.3338936804098636,46.54973042121377,2.107468266014107,1.0537341330070535,-4.692622058214961,-6.25682941095328,553,2674.9735387898936,138.47672276466545,100.66391444305576,790.6790103231779,42.48375657795476,2256.4720273582466,2278.190693651866,0.9904667039707704,0.07463539599276994,200.3681408009182,False,False,False,mixed,mixed,mixed,mixed -> mixed
2025-05-05,4,8.001000213623046,352.3815893173217,127.13055272457188,183.0,0.4264578207416445,2.188120407819534,3.563765672695693,156.08333333333334,0.4407665393944585,23.78335368235906,154.54362673273002,807.9853191426384,926.9020875544338,113.8845125754516,0.4358399241259982,55.22831793912687,0.9440337732732818,0.4720168866366409,-5.935660361636349,-7.914213815515132,259,2184.259489837993,134.19045627760408,73.41815001765886,-1724.9094449654017,-65.0464568772102,1789.3568100371347,2235.825024051612,0.8003116481783454,0.06749317899506381,157.82358369235112,False,False,True,recovery,recovery,mixed,mixed -> recovery
2025-05-12,5,15.476220413208008,542.0603943506876,141.90222101093136,191.0,0.5312214256094424,3.323445056756262,4.318853168517723,339.3666666666667,0.6934919509557423,83.41664060354233,286.0905846687403,1774.8380635724216,2191.921266590133,143.97373758800737,0.3396215276628072,47.85586401832263,2.141773420510622,1.070886710255311,-2.913719890863146,-3.884959854484194,463,1907.941852215265,134.42151740821168,57.204158071676886,1265.0191790356994,136.47818858336632,1559.4116770722835,2303.119584884024,0.677086716342091,0.15388809341708828,242.6210757436814,False,False,False,mixed,mixed,recovery,recovery -> mixed
2025-05-19,3,9.578340255737304,354.0041063328584,145.73839785649062,191.0,0.558428353592132,3.487304223863781,4.426351282923481,243.01666666666668,0.7188227471916523,60.44997854232789,198.0337060351696,1239.4283455581665,1541.678238269806,158.63519284684506,0.2980778465313747,43.23516787312073,3.806435595680767,1.9032177978403837,-3.622758350932684,-4.830344467910244,255,1828.078281233552,136.40486851963252,56.72914542307456,-650.2430283203273,-29.66543726873362,1866.7997524299694,2078.4395773686515,0.898173693744505,0.17076067045812393,261.298365305438,False,False,True,recovery,recovery,mixed,mixed -> recovery
2025-05-26,4,13.03020034790039,500.18196403384206,142.58572993143218,194.0,0.536069006605902,3.2893329387602948,4.179860944031323,342.6333333333333,0.7124108748933776,50.64166667461396,268.8447210387283,1654.7858729320844,1907.9942063051544,145.9875615467435,0.3492021111286812,49.69083280426095,4.1410406900531145,2.070520345026557,-4.399063664935324,-5.865418219913765,413,1642.1239496798817,139.3392253808565,54.572909875710806,366.31596803534853,23.760857417722736,1724.8362222874803,1846.9066422393369,0.9339054735306769,0.10124648691088663,228.87601035243173,False,False,False,mixed,mixed,recovery,recovery -> mixed
2025-06-02,5,12.306140090942382,448.2075162013372,134.15431690083238,194.0,0.4762717510697333,2.738852688646528,3.821200603044121,274.55,0.558808475259442,47.50000000198682,230.37282340438907,1399.6900397427426,1637.1900397526765,126.50254806642276,0.3297733129456666,45.285548136656566,2.442223181518691,1.2211115907593455,-7.597568062536941,-10.130090750049254,408,1819.6959377294424,141.09516642492164,60.50207145561774,-270.8041665524779,-14.193133588015039,1772.5921230289155,1809.58289516534,0.979558398659021,0.10597769623445932,219.16500467840103,False,False,True,recovery,recovery,mixed,mixed -> recovery
2025-06-09,9,20.127780441284177,1071.1829828818638,132.05333951368107,190.0,0.4613712022246884,2.4203583541409603,3.609990419244518,555.6333333333333,0.5398190725612874,77.21668544212977,495.2528822765873,2702.5521680568168,3088.6355952674658,168.65724122603632,0.5847455502103152,77.32371142018238,3.733941429224085,1.8669707146120424,-4.246517379775389,-5.662023173033852,896,2043.8745198987756,138.63294605060906,58.9520826652646,1451.4455555147892,88.65467784876415,2362.9128175100714,1882.3869056232786,1.255274784610598,0.07208542954480977,173.00324844358164,False,True,False,loading,loading,recovery,recovery -> loading
2025-06-16,7,25.730560119628905,974.6843669493992,136.62926067683546,197.0,0.4938245438073436,2.917765689604553,4.1706986654563405,574.0833333333333,0.5919517696687355,106.98316305478414,485.7874180581039,2885.813419948284,3420.729235222205,133.7535526978697,0.4764377451352169,64.10852730171504,3.780228856464004,1.890114428232002,-5.276314268495879,-7.035085691327838,802,2513.637269136875,136.35566175569528,70.58537879337867,332.09363995473905,10.752114638048816,3254.6824152448353,2298.0247635679066,1.4162956234603952,0.1097618538703188,210.57458298598885,False,True,False,loading,loading,loading,loading -> loading
2025-06-23,6,20.543800201416012,739.8150124529998,135.475472338638,192.0,0.485641647791759,2.787061820360806,3.959938842866688,413.4666666666666,0.5879343949817214,64.28333167831103,359.7030431240962,2073.478723771542,2394.895382163097,119.13273427255848,0.4126202075780225,55.5733521223135,1.6899271265073583,0.8449635632536792,-4.049226142099509,-5.398968189466011,709,2635.3625631013606,134.57809735749674,73.99579504430292,-1025.8338530591077,-29.98874750145114,2907.8123086926507,2331.8537828300673,1.2469959866709859,0.08689108844272733,194.22926070848644,False,False,False,mixed,mixed,loading,loading -> mixed
2025-06-30,5,14.872700271606444,562.3847747822603,139.70932775471903,188.0,0.51566899116822,3.203863235843436,4.277619562454118,362.06666666666666,0.6687640120203715,63.36649822791417,289.9260556897878,1804.6598355583728,2121.492326697944,148.45989989837057,0.4501078128081344,62.60885236883278,3.82299865255384,1.91149932627692,-3.1849495176020386,-4.246599356802718,549,2756.438134837678,135.96685007096838,77.96241960078477,-273.4030554651531,-11.416075102963886,2258.1938544305203,2428.489464234757,0.9298759116264484,0.11267463322144153,226.33887919736026,False,False,False,unloading,unloading,mixed,mixed -> unloading
2025-07-07,6,19.2,717.8924657265345,137.785355366392,188.0,0.5020237969247661,2.9305865305786902,4.064286426896561,383.6166666666667,0.6259286597184155,83.68118686079978,365.30869890726274,2179.7894075700337,2598.1953418740327,135.11219071782563,0.3951170892974102,54.391145933896205,1.2328756190673504,0.6164378095336752,-2.68702724881312,-3.5827029984174934,638,2633.8280714893194,137.39985403414613,79.57854495545227,476.7030151760887,22.47017390433208,2359.843834285988,2543.52298682957,0.9277855346719186,0.11656507186784755,217.15191056459076,False,False,False,mixed,mixed,unloading,unloading -> mixed
2025-07-14,3,6.6000000000000005,348.9016900002957,129.64243217730825,193.0,0.4442725686333919,2.5114856993194614,4.08002773446853,174.18333333333334,0.4882276206066335,24.899999990065893,157.59307432030332,891.2435143915153,1015.7435143418448,166.56320111737716,0.548884675636684,70.79180452553197,5.791697920013952,2.895848960006976,-7.033059520842317,-9.37741269445642,233,2032.5816412692293,135.6531469092643,59.05775418927272,-1582.451827532188,-60.90580650455608,1806.9694281079387,2439.948565927765,0.7405768520455912,0.0713668081975894,174.6755966142183,False,False,True,recovery,recovery,mixed,mixed -> recovery
2025-07-21,3,6.497580093383788,284.24999561508497,126.45291232810554,176.0,0.4216518604830181,2.377803796091325,3.985202481280154,126.01666666666668,0.4637494496823792,47.69999999602636,118.8500511808287,665.0674860101439,903.5674859902756,141.71090149906635,0.5791701702119165,72.44603960979514,2.640051107228947,1.3200255536144736,-2.57535010422725,-3.4338001389696675,218,1659.749667226024,133.3975069066312,54.91192126870155,-112.17602835156924,-11.043735624957861,959.6555001660602,2075.7705477148997,0.46231289928575753,0.1678100289599264,190.7266490615187,False,False,True,recovery,recovery,recovery,recovery -> recovery
2025-08-04,1,3.55,148.8873666505019,126.12947976878613,175.0,0.4193580125445824,2.353337072349972,3.727786570201221,73.71666666666667,0.4961301177790241,13.983333333333333,62.43711017155102,350.38215954318895,420.2988262098556,118.394035552072,0.468781938829377,59.127222069552246,2.230413049676669,1.1152065248383345,-2.7237358991122806,-3.631647865483041,157,1234.451292104002,130.00254491014798,42.56613004505633,-483.26865978042,-53.48451192339838,661.9331561000656,1575.6988128795083,0.42008863032042076,0.09391887067327748,169.37588554298154,False,False,True,recovery,recovery,recovery,recovery -> recovery
2025-08-11,3,8.092440216064453,377.671356968085,139.89629384347666,190.0,0.5169949917977067,3.000133981242183,3.937852162690145,236.1833333333333,0.6580588608350267,47.89999999403953,194.0064775617741,1117.0790436140833,1356.579043584281,165.71452292592076,0.4857437343009471,67.09919702357465,3.1846076640113368,1.5923038320056684,-4.420429521016093,-5.893906028021456,367,924.047217531564,130.53027952941915,33.620833328366274,936.2802173744253,222.7653657321755,888.4389348970683,1402.646089783039,0.6334020686818382,0.12682984587069787,215.51738333689704,False,False,True,recovery,recovery,recovery,recovery -> recovery
2025-08-18,4,6.743700180053709,275.6226408998172,149.61867571817427,193.0,0.5859480547388247,4.027266056124688,4.556050299671566,192.2333333333333,0.8303836337045528,53.4164356470108,152.09184751488883,970.8010711172076,1237.8832493522616,185.27748490633704,0.3931045265613162,57.42388014560348,1.9393836208872437,0.9696918104436216,-2.0236951890178005,-2.698260252023734,256,979.5821512841684,135.52434041463565,40.7499422426025,-118.69579423201935,-8.749640855309659,1297.2311464682712,1255.377910225425,1.0333391530167444,0.19380278584017524,269.47348998129763,False,False,True,recovery,recovery,recovery,recovery -> recovery
2025-08-25,4,10.97280029296875,413.1008334259192,141.15539550584393,189.0,0.525924790821588,2.967852791417101,3.3673660101955254,75.08333333333334,0.8387383295502454,129.66455155213674,213.67537997026452,1188.221473721602,1836.5442314822856,177.17275191565412,0.3890289130281717,54.54833158445653,1.3140397095459653,0.6570198547729826,-2.7152793008542444,-3.620372401138992,389,1212.8263376571708,139.19996120907024,61.2410801316301,598.660982130024,48.361667584021426,1537.2137404172736,1128.4360584934673,1.362251523998223,0.313881118265498,266.74517447735394,True,False,False,loading,loading + intensity,recovery,recovery -> loading
2025-09-01,4,12.115800323486328,598.8991288006305,143.59711492699347,198.0,0.543241949836833,3.377567759921043,4.067653599687229,197.91666666666669,0.7730220878127766,190.1559813896815,321.1640443550702,1981.881473801544,2932.661380749952,334.1171602364802,0.6665525698321142,93.68838693909072,2.920939794344834,1.460469897172417,-4.140431069714938,-5.520574759619917,442,1840.9169762921947,143.56686999862208,105.28424214571714,1096.1171492676665,59.683678208119396,2384.6028061161187,1447.9223695614853,1.6469134369671452,0.31750919686674506,293.8052075603752,True,False,False,loading,loading + intensity,loading,loading -> loading
2025-09-08,7,16.870380386352537,678.8655254681905,136.73988540236817,173.6028678304239,0.494609116328852,2.5417094487740366,3.5396137998463577,15.416666666666668,0.6110698324105474,399.9663369913896,341.8747282557417,1859.6514348666517,3859.4831198235993,254.21028214983824,0.4804570867770202,64.83134565845516,,,,,523,2466.642995352024,142.77776788834495,193.30082639505463,926.8217390736472,31.60343519907629,3396.0722502867757,1940.5749752003724,1.7500340330504969,0.5891687263328719,341.11172021839036,True,True,False,loading,loading + intensity,loading,loading -> loading
2025-09-15,6,17.625060470581055,651.8829876164596,143.1357035032859,176.17898627243932,0.5399695283920987,3.380860934537749,3.5225680272108844,21.75,0.9372699899631984,274.1490377585093,351.4368017597459,2203.482267590513,3574.2274563830592,206.05351973115623,0.3354002212207161,47.83296874412171,,,,,510,3050.729047109724,141.15702483462286,248.4839769229293,-285.25566344054005,-7.391032803728859,3716.8552881033293,2466.2297468959064,1.507100177013723,0.4205494589771485,328.97567731765844,True,True,False,mixed,mixed + intensity,loading,loading -> mixed
2025-09-22,4,12.664440338134764,447.4357540647189,145.94795488426558,178.50673575043055,0.5599145736472736,3.622597706742906,3.867195591414861,14.25,0.9134265032391496,163.3518521090349,246.93962704963477,1575.656144529022,2392.4154050741963,196.25971397758505,0.3495953902320298,50.887238426509285,,,,,371,3189.6968405077014,142.35516467922827,256.9058020621538,-1181.812051308863,-33.064824937157134,2983.321430728628,2638.869140477559,1.130530265774654,0.3650844855938961,320.8168390666627,True,False,False,mixed,mixed + intensity,mixed,mixed -> mixed
2025-09-29,5,13.03020034790039,483.3761160155137,135.2472580656623,163.9376074718067,0.4840231068486688,2.64805170847747,3.206315789473684,10.666666666666666,0.6710317485694609,198.26641966501876,236.27368892863103,1355.7249692277428,2347.0570675528365,174.57315345934597,0.3551018523169216,47.96248022997999,,,,,361,3043.2957622084223,140.2677004638955,258.9334116309881,-45.35833752135977,-1.8959223145427417,2369.7362363135167,2823.731443510988,0.8392215349512913,0.4101700789425341,291.3330207830346,True,False,False,unloading,unloading + intensity,mixed,mixed -> unloading
2025-10-06,3,10.469880279541016,303.96360663374264,142.44137358591493,163.78564102564098,0.5350452027369855,3.597527760318458,3.771771771771772,9.083333333333334,0.9354703540750052,210.98320424159368,162.8718004971622,1088.8982123183662,2143.814233526334,208.5734628330009,0.3490995817029169,49.51412998627135,,,,,312,2614.3785406341062,141.69307250978218,211.68762844353915,-203.24283402650235,-8.659475597600785,2245.4356505395854,2874.94311051833,0.7810365507144769,0.6941067931721688,423.1718903328117,True,False,False,unloading,unloading + intensity,unloading,unloading -> unloading
2025-10-13,6,22.471380599975586,753.8731965819994,142.0828374786322,183.0503913903657,0.5325023934654766,3.2269732418986155,3.76957671957672,18.58333333333333,0.7903712396249709,330.03924928108853,399.83069751395846,2421.46841266022,4071.6646590656624,178.96466900409757,0.370998159038778,52.31913227107146,,,,,600,2738.737841304757,141.42985600361877,225.66018132418395,1927.8504255393282,89.9261883511348,3107.7394462959983,3064.7769902376144,1.0140181344989323,0.43779146251313883,324.0596437856867,True,True,False,mixed,mixed + intensity,unloading,unloading -> mixed
2025-10-20,4,14.19606037902832,458.9367760002613,135.55596104395457,166.75231719882558,0.4862124896734366,2.7212124321758875,3.2041666666666666,11.0,0.7687117587449813,248.51640468438467,222.7132671655228,1247.2239716150457,2489.805995036969,177.38222001058216,0.3504350024876889,47.32892064888365,,,,,407,2763.08548879545,138.831857543541,246.95131946802135,-1581.8586640286935,-38.850416143840484,3280.735327051316,2836.497469439843,1.156614931759203,0.5415046639980823,325.50967260495395,True,False,False,mixed,mixed + intensity,mixed,mixed -> mixed
2025-10-27,4,13.89888037109375,415.3610615670681,148.28638613658882,181.34610519271385,0.5764991924580768,3.930012529332002,4.035911784068466,12.666666666666666,0.9468887492143306,229.0871150414149,237.4416464544873,1601.3471589872652,2746.78273419434,197.89565564289316,0.3187966295486374,47.05252872510717,,,,,376,2863.0169054558264,142.09163956127264,254.65649331212043,256.97673915737096,10.321155128938276,2618.2943646156546,2698.590015741723,0.9702453315777206,0.5515372918614914,396.7800049188027,True,False,False,mixed,mixed + intensity,mixed,mixed -> mixed
2025-11-03,3,10.904220291137694,409.409400866429,143.71002032265713,167.79976580614783,0.5440426973238095,3.7206423553027768,3.9166666666666665,12.0,0.915356306457009,267.3999157289664,220.6990480798103,1487.5975831342878,2824.59716177912,259.0459164037424,0.3905528609129953,55.78093713459117,,,,,321,3033.2126375190223,142.4088012454582,268.7606711839636,77.81442758478033,2.8329298351878585,2785.68994798673,2770.6203085258767,1.0054390850361128,0.6531357491134073,413.95197410730486,True,False,False,holding,holding + intensity,mixed,mixed -> holding
2025-11-10,6,13.716000366210936,486.463270932436,134.0409863070514,174.78730823197293,0.4754679879932724,2.7660634603491747,3.82406015037594,10.166666666666668,0.579161790590362,268.9663771271706,248.14056743657784,1573.4526765176115,2918.2845621534643,221.3540031190702,0.3922589613304582,51.54328145101132,,,,,355,2744.8676132909727,140.398338452563,253.4924531454841,93.68740037434418,3.3168411284295596,2871.4408619662927,2865.824890959315,1.0019596350861122,0.5529017157073856,359.9389392617203,True,False,False,holding,holding + intensity,holding,holding -> holding
2025-11-17,4,14.721840393066406,493.6274494012197,145.5526973665321,174.5537056928034,0.5571113288406532,3.83234456573327,4.047480620155039,13.666666666666668,0.8979591836734694,330.9770509501298,275.4044393191797,1895.4869077588764,3550.3721625095254,238.3598348632899,0.3089182703830112,44.53714154645464,,,,,412,3010.009155159112,142.89752253320736,274.1076147119204,632.0876003560611,21.659560159192637,3234.328362331495,3100.2512124565133,1.0432471889169086,0.6704996882803252,431.54474089512655,True,True,False,mixed,mixed + intensity,holding,holding -> mixed
2025-11-24,4,14.76756039428711,690.1592619121075,137.15941088237224,182.9761167031932,0.4975844743430655,3.198275966964272,3.85891472868217,13.083333333333334,0.6692936559843035,233.54982942938804,306.49159363481806,1818.008338786396,2985.7574859333354,205.0809786129122,0.6387058414325005,79.56451947073728,,,,,416,3069.752843093861,140.11577871965324,275.2232933089137,-564.61467657619,-15.902971596563587,3268.0648242214306,2919.2666836011254,1.1194814240780626,0.3383999061062095,259.57117297777353,True,True,False,mixed,mixed + intensity,mixed,mixed -> mixed
2025-12-01,6,20.939760559082032,771.3254651844502,137.5585878600898,157.6417910447126,0.5004155167382255,3.126442882229604,3.4335978835978835,20.5,0.870715985851327,438.2475994984309,386.7790089914808,2428.523943057797,4619.761940549952,220.5455241127863,0.3716262326317898,51.0777584580598,,,,,614,3518.544037786569,138.5779206040114,317.93521425127983,1634.0044546166164,54.7266300868315,3802.759713241644,3274.2593411866233,1.1614106632932402,0.568174680183327,359.3628486863357,True,True,False,loading,loading + intensity,mixed,mixed -> loading
2025-12-08,6,20.80260055541992,773.4363039175669,139.74941426720576,167.93248945129665,0.5159532926752181,3.310714627876178,3.637575075075075,20.083333333333336,0.8754917484807803,329.00792498985925,398.6320857766798,2568.5221887715816,4213.561813720878,199.65017299827056,0.4085667983360666,56.83347124468585,,,,,609,3842.363350678422,140.00502759404998,332.945601216952,-406.2001268290742,-8.79266360596751,4416.661877135415,3518.7225211077125,1.255189021197678,0.42538464166135787,326.87075528096443,True,True,False,mixed,mixed + intensity,loading,loading -> mixed
2025-12-15,3,8.709660232543945,366.7488475998243,141.51441986431738,160.04388489217197,0.5284710628674992,3.575056862241656,4.118181818181818,10.583333333333332,0.8245141747129656,245.4497356414795,193.95269060245863,1303.4329964768035,2530.681674684201,291.16092476154176,0.3999641451220066,56.73312786119603,,,,,315,3587.440728722091,138.9954582184963,311.5637723897894,-1682.8801390366766,-39.93960960906308,3372.12174420254,3469.7366065918927,0.9718667802611006,0.6692583691750286,414.01875281891085,True,False,False,mixed,mixed + intensity,mixed,mixed -> mixed
2025-12-22,3,10.929600219726565,376.0500171502432,139.615307616218,171.9635307549407,0.5150021816753049,3.3596946379147785,3.7070105820105823,12.0,0.8717053438364913,131.01686632037163,193.3716324620379,1264.0134388218178,1919.097770423676,178.34664641921395,0.3664539860362614,51.15837552934789,,,,,332,3320.7757998446764,139.60943240195775,285.9305316125353,-611.5839042605251,-24.166765436306548,2224.889722553939,3303.205474636928,0.6735547454245145,0.3484027665075906,306.19827409665123,True,False,False,unloading,unloading + intensity,mixed,mixed -> unloading
2025-12-29,5,18.17370048522949,714.1116822838783,139.90894883022355,171.1815709606047,0.5170847434767627,3.321304175917759,3.9244444444444446,19.0,0.7909437634964567,296.1847932855288,369.0166058240949,2368.6152007221103,3849.5391671497546,211.9070937039181,0.3616575214405775,50.39181674206159,,,,,502,3128.220106494627,140.19702264449117,250.41483005930976,1930.4413967260787,100.59109163051647,2884.318468786716,3353.066642076966,0.8602031443670034,0.4147597646607153,323.44009453855654,True,True,False,mixed,mixed + intensity,unloading,unloading -> mixed
2026-01-05,6,16.939260452270506,785.5320434808731,133.37768974308582,168.92979452054797,0.470763757043162,2.6996087244289444,3.5125,17.0,0.6466172837508891,342.1390227675438,369.3456992224784,2119.341373949307,3830.0364877870265,226.0576059460275,0.4197022979516343,55.69451778484944,,,,,498,3032.338775011164,138.6040915134612,253.6976045037309,-19.50267936272803,-0.5066237415936703,3839.7878274683912,3493.779809052581,1.0990354393597683,0.43555068899729044,292.54336748494086,True,True,False,holding,holding + intensity,mixed,mixed -> holding
2026-01-12,3,4.526280120849608,223.8196153819561,144.0430828066611,181.1024774774776,0.5464048426004333,3.692341452710116,4.333333333333333,3.583333333333333,0.6730305025235901,100.23325440088908,102.3700838961204,578.2241368161434,1079.3904088205888,231.79647021529968,0.485303070746102,64.43855078934808,,,,,129,2669.515958545261,139.23625724904713,217.3934841935833,-2750.646078966438,-71.81775128611753,2454.7134483038085,2903.7178870976877,0.8453691246009211,0.4478305184728223,289.35544553909745,True,False,True,recovery,recovery + intensity,holding,holding -> recovery
2026-01-19,3,9.761220260620115,331.2459985991319,140.86568269596813,165.6917293233083,0.5238700900423271,3.746349857291527,4.055555555555555,10.5,0.8984760589792996,192.0498770316442,172.42029299324423,1212.503937639893,2172.753322798114,231.4890064679374,0.3449797970921429,48.53707861837834,,,,,305,2732.929846638871,139.54885101898464,232.65173687140145,1093.362913977525,101.29448112960384,1626.0718658093522,2563.58313861056,0.634296520880797,0.5797802172519512,393.56007293435266,True,False,False,mixed,mixed + intensity,recovery,recovery -> mixed
2026-01-26,4,13.418820358276369,497.8366745332877,139.02884999526464,165.98048780487807,0.5108429077678344,3.5085126789772505,4.226190476190476,13.0,0.7663095904150313,325.84121608336767,252.30003778763785,1721.964718492563,3351.170798909401,251.897723821634,0.3687826970689044,50.73972239077744,,,,,391,2608.3377545787826,139.32882631024492,240.06584257086115,1178.4174761112872,54.23613733535559,2761.9620608537584,2700.3313259814267,1.0228233973658518,0.6545142870175998,403.88797816686275,True,True,False,mixed,mixed + intensity,mixed,mixed -> mixed
2026-02-02,4,10.83564028930664,472.57888378302255,135.53828141560962,162.80492844573783,0.4860871022383661,2.956738932615364,3.6833333333333336,11.0,0.7207519911442161,274.278861451149,228.11187441228796,1377.5574896688674,2748.951796924612,256.5105179792259,0.3866282453082963,52.30949225948808,,,,,373,2338.0665818631787,139.86897422837586,223.10080224176244,-602.219001984789,-17.970406109434165,3050.0612979170073,2838.6403303982497,1.0744796602988784,0.5803874672848903,349.01497607160354,True,False,False,mixed,mixed + intensity,mixed,mixed -> mixed
2026-02-09,6,19.61388052368164,754.6870118816694,143.7106912498672,172.37345679012344,0.544047455672817,3.850492435780282,4.137412329272794,20.58333333333333,0.8874481413530355,353.3164051651955,404.9735129213595,2836.826036833037,4603.408062659015,233.62230412955796,0.3447328956102038,49.160135365222686,,,,,592,3219.070995322785,139.7858763391774,286.371589932839,1854.4562657344027,67.46048685935759,3676.179929791814,2964.2851463164593,1.240157322368256,0.4681628272418096,365.98547399255915,True,True,False,loading,loading + intensity,mixed,mixed -> loading
2026-02-16,6,19.0652405090332,776.7901444812616,141.4427767088638,199.0,0.5279629553820127,3.3774174148771,4.631014748127146,348.7,0.6507922076757039,123.01633018652598,412.0175437085784,2647.991905829412,3263.073556762042,169.83617879913228,0.341753671754557,48.33791030864664,2.2457958656691703,1.1228979328345852,-3.469872071684308,-4.626496095579077,549,3491.651053813767,139.9301498424013,269.1132032215595,-1340.334505896973,-29.116134995053443,3933.240809710529,2869.791324478962,1.370566833957743,0.15836494716172791,252.04286485440264,False,True,False,mixed,mixed,loading,loading -> mixed
2026-02-23,3,6.080760162353515,228.42462097803752,128.68108412557248,192.0,0.4374544973444857,2.419314599988794,4.406778954827597,100.05,0.4022835726579028,15.86638811826706,109.79208898029825,649.7970520220257,729.128992613361,106.59590007075194,0.4561293101716168,57.55121972274896,0.3294200177583312,0.1647100088791656,-5.776016936427735,-7.70135591523698,175,2836.140602239757,137.34320837497827,191.61949623028437,-2533.944564148681,-77.65514690582465,1996.1012746877022,2811.4144217777575,0.7099989454509151,0.06946006104916587,191.5193702390247,False,False,True,recovery,recovery,mixed,mixed -> recovery
2026-03-02,6,20.482560546875,866.7692855854829,140.2918043371058,196.0,0.5198000307596157,3.17202679473616,4.428245451000936,452.2,0.6191853515414382,120.91663065751392,438.2527210863676,2608.431300165173,3213.0144534527435,156.98929355935482,0.3491254654812838,48.26193200818005,2.9002069742456293,1.450103487122815,-4.417068756023196,-5.889425008030927,593,2952.1562663717896,138.5315891053523,153.27893853187558,2483.8854608393826,340.66475013379767,1971.071723033053,2984.7912768868623,0.6603717111800465,0.13950267120487259,222.41312701446904,False,True,False,mixed,mixed,recovery,recovery -> mixed
2026-03-09,5,17.452660263061524,767.7836181660493,144.0276976978016,198.0,0.546295728353203,3.4222178923393995,4.399917439492279,479.48333333333335,0.6952787094370183,90.13329365253448,409.0689349823655,2499.394975905773,2950.0614441684456,172.896556804084,0.4022395896963034,57.79346234994637,3.028387168636167,1.5141935843180836,-4.760388308914335,-6.347184411885779,477,2538.8196117491475,138.61084071733592,87.48316065371034,-262.9530092842979,-8.183997087275019,3081.5379488105955,2917.9397177633696,1.0560663505319519,0.11739413490981943,230.5385038989279,False,True,False,holding,holding,mixed,mixed -> holding
2026-03-16,4,12.91590034484863,497.09142515063286,139.2115986432105,194.0,0.512138997469578,3.1207316332931154,4.355045675694759,287.6666666666667,0.627973489079629,56.74965850512187,253.66557636118512,1546.9361610939714,1830.6844536195808,142.07300072690828,0.3555931414965068,49.13648594660064,2.348531109889179,1.1742655549445895,-3.1078587170907466,-4.143811622787663,386,2180.7223359635323,138.0530462009226,70.9164927333593,-1119.3769905488648,-37.94419240865648,2390.3729488940144,2764.8951605458647,0.864543792836648,0.11416342273038628,220.96753566789025,False,False,False,unloading,unloading,holding,holding -> unloading
2026-03-23,7,17.755180191040036,737.2059417009353,136.67188725169362,193.0,0.4941268599410895,2.922164281070625,4.30958739806808,416.65,0.5645146794871008,114.366688199838,373.561737368036,2268.795085729059,2840.6285267282487,170.854670212213,0.4988893049301218,68.21670774439872,4.118946929600711,2.059473464800356,-7.01494602305304,-9.35326136407072,552,2708.597219492254,140.0507469824529,95.54156775375203,1009.9440731086679,55.167567032747414,2335.6564901739157,2471.0985712240704,0.945189527189495,0.15513533156822207,231.1941642934247,False,False,False,mixed,mixed,unloading,unloading -> mixed
2026-03-30,4,9.87084017944336,372.3137745698293,148.07769469099972,200.0,0.5750191112836859,3.881120952748074,4.896393007118488,252.5,0.7384653574711676,73.86672892173132,211.13266322132029,1408.3301557821792,1777.6638003908356,181.434109413972,0.3184897086833953,46.94541109737056,1.9718793577842757,0.9859396788921376,-1.8145078583454228,-2.4193438111272307,298,2349.759556226777,141.99721957092638,83.7790923198064,-1062.9647263374131,-37.42005391890169,2309.1461635595433,2223.530278495536,1.0385044835647284,0.19839912989272773,286.4783290564114,False,False,False,mixed,mixed,mixed,mixed -> mixed
2026-04-06,5,11.18282029724121,520.0808270176252,136.5341964298728,189.0,0.4931503292898777,2.7456821627545085,3.818058956429572,303.8833333333333,0.5464554869014479,83.699922366937,266.88068333425804,1618.150997788578,2036.650609623263,183.59007573860052,0.3470908599146893,47.00343980557145,1.0895721327432852,0.5447860663716426,-4.0069936440605725,-5.342658192080764,343,2121.406847590481,140.12384425394416,82.17074949840702,258.9868092324275,14.568942067419432,1907.1572050070504,2441.4505479971863,0.7811574174916478,0.16093637376888048,234.9616256344988,False,False,False,mixed,mixed,mixed,mixed -> mixed
2026-04-13,3,9.132120147705075,355.4496516525745,148.64783441148722,195.0,0.5790626554006185,3.908004513408762,4.617862551518708,265.3666666666667,0.8040396626519782,70.38329773346584,203.52479423929816,1351.4987498553592,1703.415238522688,180.41588961649535,0.349530381257398,51.76293065989187,2.543212792678226,1.271606396339113,-3.2619349925516588,-4.349246656735545,314,2089.5895438162584,142.48290319601332,85.57915930549301,-333.2353711005751,-16.36193117886904,1870.0329240729766,2189.850678842177,0.8539545376955587,0.19801200368670005,287.53696574517664,False,False,False,unloading,unloading,mixed,mixed -> unloading
2026-04-20,4,16.350300064086916,453.1045954008897,126.43801847784806,190.0,0.4215462303393479,2.4420231084611395,4.198412708146059,175.05,0.4461224095740731,26.83329043388367,189.1971695579093,1090.333136618421,1224.499588787839,81.81290354102012,0.3570304955642905,43.98974080571338,3.644354821583442,1.822177410791721,-5.754532966405835,-7.672710621874446,316,1685.557309331156,139.92443600255194,63.69580986400442,-478.915649734849,-28.11502673594699,1463.9574136552644,1902.2570362787426,0.7695896956801935,0.05922096289962055,162.14793686271688,False,False,True,recovery,recovery,unloading,unloading -> recovery
2026-04-27,5,14.264640380859374,620.7128502686818,142.65075867372457,194.0,0.5365302033597487,3.336950780672878,4.620232268266971,383.1166666666667,0.6448406226834921,89.8664926012357,332.56912527853456,2068.92426363006,2518.2567266362385,177.2819288184804,0.3639017360561413,51.7065761477426,3.1772384782867453,1.5886192391433729,-3.5459503347071264,-4.727933779609503,428,1870.7055408925064,138.56770199823316,67.69575078388053,1293.7571378483995,105.65598793945861,1871.3781577120396,2016.8524151148522,0.9278706481879447,0.14477949435449272,243.42238691010044,False,False,False,mixed,mixed,recovery,recovery -> mixed
2026-05-04,5,9.05256024169922,430.77893051703774,132.338564994901,193.0,0.4633940779780213,2.593324506486385,3.9523777677477936,215.16666666666663,0.530380985519827,32.016666666666666,202.39383015259708,1147.742050673966,1307.8253840072994,141.97775755184904,0.4382769618543489,56.8812537617546,2.5178423320819645,1.2589211660409825,-5.997008526937117,-7.99601136924949,257,1688.4992344885156,137.5187941394902,54.774936858812936,-1210.431342628939,-48.06624081754257,1913.0410553217698,1761.3852246613606,1.086100319530934,0.07432273121677285,182.15729108723067,False,False,True,recovery,recovery,mixed,mixed -> recovery
2026-05-11,4,10.721340286254884,465.35653918385503,137.29525291019942,191.0,0.4985478929801377,2.932124844759297,4.2502746088247765,263.4,0.5975642699870679,54.22916663487752,231.68406067560173,1353.8243830288388,1624.9702162032263,153.50342049271637,0.3473223654633969,47.6709638406834,4.219211870712673,2.109605935356337,-3.861433988079596,-5.148578650772795,325,1668.8879789086502,134.68064876416827,50.73640408416586,317.14483219592694,24.249784112934524,1466.3978001052637,1735.9362939634257,0.8447301926945939,0.11653251231837194,209.51293204815926,False,False,True,recovery,recovery,recovery,recovery -> recovery
2026-05-18,2,4.389120117187499,315.93811463117595,107.95533076918731,163.0,0.2904633387885626,1.408487439999759,3.094182072285034,57.016666666666666,0.1951118262087472,17.283333333333335,91.75543022868167,445.10324725085184,531.5199139175185,133.63096574416858,0.7311926639438204,78.84576579520865,9.697305882358696,4.848652941179347,-10.721436175256036,-14.295248233674716,174,1495.6430601910702,130.0599768370031,48.34891480902828,-1093.450302285708,-67.2904827043892,1078.2450650603732,1485.0811780124684,0.7260512630719776,0.05470480620392947,100.94127095833524,False,False,True,recovery,recovery,recovery,recovery -> recovery
2026-05-25,4,10.149840270996092,499.6550249477227,133.79303054986696,195.0,0.4737094365238791,2.8474454597562406,4.020973148991646,284.01666666666665,0.5371477240046945,65.149751329422,253.0657036480456,1537.472804823883,1863.221561470993,270.0794068349886,0.350774547346266,47.32722336730596,2.102365355991612,1.0511826779958058,-2.6390171798402293,-3.518689573120305,285,1331.8842688997588,127.84554480603867,42.16972949107485,1331.7016475534747,250.5459556046152,1197.3707376942566,1511.715565170519,0.7920608646767456,0.13038946488377337,223.74095747352118,False,False,False,mixed,mixed,recovery,recovery -> mixed
2026-06-01,8,23.565900344848632,1129.5784115036329,140.58707170913144,201.0,0.5218941255966768,3.1655924633715333,4.296386929221072,707.55,0.65930821069403,111.73328831593196,589.7226861561563,3576.447746305611,4135.11418788527,187.07756799751203,0.4847277194935196,68.2445635708119,3.522046135971693,1.7610230679858463,-4.190165066123131,-5.586886754830842,878,2038.706469869252,129.90767148459628,62.09888490339117,2271.8926264142774,121.93357319355206,2999.1678746781326,1996.8179983534244,1.5019735785390784,0.09891592046912327,219.64553212631782,False,True,False,loading,loading,mixed,mixed -> loading
2026-06-08,5,19.084640075683595,902.0442905465762,131.6648569249507,190.0,0.4586160065599342,2.7341795708420387,4.222080487419336,422.0833333333333,0.5408132468860004,81.01654079755147,385.7281149394378,2344.3605421572984,2749.443246145056,144.76372429443927,0.565231136486225,71.42261220880546,1.0222662723526963,0.5111331361763481,-3.35179610868733,-4.469061478249774,613,2319.824727354709,128.5000724882841,68.79572844405966,-1385.6709417402144,-33.50985919082581,3442.278717015164,2035.3490849382272,1.691247335647898,0.08981437125272537,182.8808147200234,False,False,False,mixed,mixed,loading,loading -> mixed
2026-06-15,4,15.888920074462892,561.3785140852133,140.9903506955264,188.0,0.5247542602519601,3.1952118045053437,4.189885395187904,360.48333333333335,0.6803855811149784,80.39998749891917,294.50894994067613,1792.824793140675,2194.8247306352705,145.320122142328,0.4172667727008822,59.08228996710056,3.295772177469421,1.6478860887347104,-2.530857916704439,-3.3744772222725854,478,2735.650931534147,136.7588274698689,84.57489198545613,-554.6185155097855,-20.172029965972417,2472.133988390164,2183.1823093762227,1.1323534355206921,0.14321885409158183,234.58233711118964,False,False,False,mixed,mixed,mixed,mixed -> mixed
