week_start,sessions,total_distance_m,avg_distance_m,avg_pace_sec_per_100m,median_pace_sec_per_100m,avg_hr,avg_distance_per_stroke_m,avg_swolf
2024-05-27,2,4686.30012512207,2343.150062561035,140.44560227151888,140.44560227151888,,2.296494964036005,
2024-06-03,4,11978.640319824219,2994.6600799560547,94.59937879736339,94.45075532446907,,2.8819208350446623,
2024-06-10,6,22821.800079345703,3803.633346557617,115.76877145271204,79.48909152549447,,2.6963771013766764,
2024-06-17,6,25045.920043945312,4174.320007324219,94.20900596029183,89.02609422715096,,2.942911433144992,
2024-06-24,7,28317.520080566406,4045.3600115094864,113.83604311624447,97.36258423896062,,2.9256456909494646,
2024-07-01,5,23600.0,4720.0,83.37937488083602,75.63347821576255,,3.1674543597393097,
2024-07-08,3,10744.56005859375,3581.52001953125,90.86961709225078,83.68098066492779,,2.7461151964131303,
2024-07-15,3,10401.300277709961,3467.100092569987,107.73806046602085,115.87249748677799,,3.3355479254709124,
2024-07-22,5,14424.660385131836,2884.932077026367,118.41364511638669,114.71032531140597,,3.14238006980897,
2024-08-12,3,6652.260177612305,2217.4200592041016,153.81206107524582,167.14459652427104,,3.665237281214926,
2024-08-19,4,10675.62028503418,2668.905071258545,110.4981212723987,108.00322813694967,,2.9747570413018223,
2024-08-26,5,16253.460433959961,3250.692086791992,97.07473358434072,95.05867635163025,,3.209778887634008,
2024-09-02,2,6560.820175170898,3280.410087585449,90.21719540736163,90.21719540736163,,3.3096607703548377,
2024-09-09,5,16322.040435791016,3264.408087158203,98.30199548109006,96.38484237809779,,3.3017345285471293,
2024-09-16,4,13441.680358886719,3360.4200897216797,109.65267931462596,107.63130495024333,,3.096623600055773,
2024-09-23,5,17190.720458984375,3438.144091796875,94.95138377736453,92.24898743687343,,3.103673392145207,
2024-09-30,3,10447.020278930664,3482.340092976888,118.1684429086301,100.33521801718592,,3.2758392236448586,
2024-10-07,4,14561.820388793945,3640.4550971984863,118.71909257644114,118.01603898318945,,3.5843008017147153,
2024-10-14,4,12710.160339355469,3177.540084838867,107.83000359080519,107.82231931693562,,3.4334495159222844,
2024-10-21,6,19979.640533447266,3329.9400889078775,95.35841204054121,93.44850107415519,,3.3539230293686138,
2024-10-28,5,19339.560516357422,3867.9121032714843,99.24964017675416,88.71150699350497,,3.1927973036561283,
2024-11-04,5,18996.66050720215,3799.3321014404296,96.8027515527086,96.85056926852772,,3.0933767887989774,
2024-11-11,3,10561.320281982422,3520.4400939941406,102.07495822379899,98.18846890254905,,3.3170753098354466,
2024-11-18,5,20345.40054321289,4069.080108642578,87.95268751006411,89.21490497060738,,3.2372283612214465,
2024-11-25,4,12664.440338134766,3166.1100845336914,101.88764729015186,97.58298050662839,,2.9575581797701385,
2024-12-02,3,6172.200164794922,2057.4000549316406,88.4856317795121,89.96651888589285,,2.770295028115649,
2024-12-09,3,8686.800231933594,2895.6000773111978,99.37544307931297,97.08857254532067,,3.5684681761273116,
2024-12-16,5,22128.480590820312,4425.696118164063,95.52142497528698,95.90323215603611,,3.6331933707717035,
2024-12-23,3,15133.320404052734,5044.440134684245,94.99303903986127,92.69548790405958,,3.115203647440268,
2024-12-30,6,28552.1407623291,4758.690127054851,100.05443957822546,99.45597598887119,,3.439888744276312,
2025-01-06,4,16024.860427856445,4006.2151069641113,98.88261451120624,95.60617224525134,,3.1191192526568456,
2025-01-13,4,16253.460433959961,4063.3651084899902,93.83799893757914,89.23693491835458,,3.0628241736970327,
2025-01-20,7,18831.620040893555,2690.231434413365,106.65978828347724,93.48947967627109,,3.0984065908670906,
2025-01-27,5,16093.4404296875,3218.6880859375,91.50717827412309,91.6142360443457,,3.19841971425875,
2025-02-10,6,22014.180587768555,3669.030097961426,107.69175359296992,97.30446563695,,2.9368392789999453,
2025-02-17,5,18493.740493774414,3698.748098754883,93.72281529683296,92.49350752926833,,2.924843593644058,
2025-02-24,5,16162.020431518555,3232.4040863037108,101.43668148946172,98.04818210699207,,3.0137466747365282,
2025-03-03,3,9692.640258789062,3230.880086263021,118.71073689289652,132.65585690609595,,2.9275082723668286,
2025-03-10,2,7886.700210571289,3943.3501052856445,91.42138586622654,91.42138586622654,,3.385303347527863,
2025-03-17,3,6286.50016784668,2095.500055948893,106.98938861313955,105.57148335912858,,2.8769549777880408,
2025-03-24,3,10012.680267333984,3337.560089111328,92.11252942181831,92.98165739756514,,3.2657784176333973,
2025-03-31,3,11567.16030883789,3855.7201029459634,94.33288553858206,94.54971418888451,,3.2107728691233497,
2025-04-07,5,16139.160430908203,3227.8320861816405,96.93798117108435,92.36446951831537,,3.042537498463781,
2025-04-14,6,20665.440551757812,3444.2400919596353,92.23878243355072,87.21483680546567,,3.1431559559783344,
2025-04-21,4,15430.500411987305,3857.625102996826,90.7961860306846,90.60870681666232,,2.945330666745836,
2025-04-28,6,19362.420516967773,3227.0700861612954,93.09946084242755,91.24777673320382,,2.8881381344983086,
2025-05-05,4,8001.000213623047,2000.2500534057617,110.45663587825373,106.07883187313094,,3.190595040573604,
2025-05-12,5,15476.220413208008,3095.2440826416014,95.71172803664525,88.7181909891348,,2.9506034162037453,
2025-05-19,3,9578.340255737305,3192.780085245768,86.47033574624146,82.6893500585704,,3.316421491584966,
2025-05-26,4,13030.20034790039,3257.5500869750977,99.3816656085219,98.1883856881019,,3.0275587287487435,
2025-06-02,4,12237.560089111328,3059.390022277832,105.5752360341669,104.18541623558318,,2.730604445383562,
2025-06-09,7,18047.520385742188,2578.21719796317,141.0108688410479,116.31467457938105,,2.4098792551005297,
2025-06-16,7,25730.560119628906,3675.7943028041295,128.21705460343009,119.86236340816225,,2.9469921303152424,
2025-06-23,6,20543.800201416016,3423.9667002360025,111.146704244627,111.51340075610464,,3.0867585640375617,
2025-06-30,5,14872.700271606445,2974.540054321289,125.21770473766556,104.02114757738818,,2.5886970371924773,
2025-07-07,6,19200.0,3200.0,108.78229186779241,106.00172443663017,,2.711997350033366,
2025-07-14,3,6600.0,2200.0,141.58360905106395,144.12537856329055,,2.5797441947113118,
2025-07-21,3,6497.580093383789,2165.8600311279297,144.89207921959027,146.39687663316727,,2.9808056229624236,
2025-08-04,1,3550.0,3550.0,118.25444413910449,118.25444413910449,,3.615070443259449,
2025-08-11,3,8092.440216064453,2697.4800720214844,134.1983940471493,120.56186660360062,,3.328092599105599,
2025-08-18,3,6743.700180053711,2247.900060017904,114.84776029120695,107.75127357210783,,3.2660361080959834,
2025-08-25,4,10972.80029296875,2743.2000732421875,109.09666316891307,110.9402073454556,,3.056836894310278,
2025-09-01,3,10881.360290527344,3627.1200968424478,103.83578677097809,100.43965767871438,,3.28126892696619,
2025-09-08,6,16664.640380859375,2777.4400634765625,107.92271431540546,102.62501525366042,,2.842167454790028,
2025-09-15,6,17625.060470581055,2937.510078430176,95.66593748824342,95.57665648012008,,2.963231235408136,
2025-09-22,4,12664.440338134766,3166.1100845336914,101.77447685301857,102.7342369375761,,3.2122053923042064,
2025-09-29,5,13030.20034790039,2606.040069580078,95.92496045995998,93.48713300863572,,2.826366844292523,
2025-10-06,3,10469.880279541016,3489.9600931803384,99.0282599725427,101.69832780866915,,3.202312606134168,
2025-10-13,6,22471.380599975586,3745.230099995931,104.63826454214292,102.58514773410562,,3.439240324191355,
2025-10-20,4,14196.06037902832,3549.01509475708,94.6578412977673,95.73813715615378,,3.017351719892849,
2025-10-27,4,13898.88037109375,3474.7200927734375,94.10505745021435,94.7043457641041,,3.116351180242379,
2025-11-03,3,10904.220291137695,3634.7400970458984,111.56187426918234,104.57461479403565,,2.874339368289684,
2025-11-10,6,13716.000366210938,2286.0000610351562,103.08656290202264,99.02165376687569,,3.1788807077921106,
2025-11-17,4,14721.840393066406,3680.4600982666016,89.07428309290927,88.93159156569925,,3.1816462403004797,
2025-11-24,3,11109.96029663086,3703.320098876953,100.35897278959028,97.34393180333147,,3.1602868246984883,
2025-12-01,6,20939.76055908203,3489.9600931803384,102.1555169161196,101.37789390947277,,3.195816187728159,
2025-12-08,6,20802.600555419922,3467.100092569987,113.6669424893717,107.82368140138846,,3.2472598118049323,
2025-12-15,3,8709.660232543945,2903.2200775146484,113.46625572239206,120.0329464411428,,2.716360602381187,
2025-12-22,3,10929.600219726562,3643.2000732421875,102.31675105869579,101.26422000814368,,3.318703181232166,
2025-12-29,5,18173.700485229492,3634.7400970458984,100.78363348412319,92.60471518570671,,2.813381369236377,
2026-01-05,6,16939.260452270508,2823.210075378418,111.38903556969888,102.640724519734,,2.8342686422174777,
2026-01-12,3,4526.280120849609,1508.7600402832031,128.87710157869617,95.63925734721353,,2.7846036779960506,
2026-01-19,3,9761.220260620117,3253.7400868733725,97.07415723675668,97.49420483036029,,3.8682130756633657,
2026-01-26,4,13418.820358276367,3354.705089569092,101.47944478155488,93.64925892382894,,3.155956070737929,
2026-02-02,4,10835.64028930664,2708.91007232666,104.61898451897616,103.28963737270317,,3.0824353625209553,
2026-02-09,6,19613.88052368164,3268.9800872802734,98.32027073044537,96.97268853846522,,3.184315912240804,
2026-02-16,6,19065.240509033203,3177.540084838867,96.67582061729327,93.6595177291449,,2.889269599697281,
2026-02-23,2,5783.580154418945,2891.7900772094727,102.59718810710464,102.59718810710464,,2.7093514624720827,
2026-03-02,6,20482.560546875,3413.7600911458335,96.52386401636011,92.10191467507312,,3.239764853364109,
2026-03-09,5,17452.660263061523,3490.5320526123046,115.58692469989273,101.92849040544844,,3.2476940929880094,
2026-03-16,4,12915.900344848633,3228.975086212158,98.27297189320127,94.6475605317042,,3.0018466542293134,
2026-03-23,6,17572.300186157227,2928.716697692871,137.54325035451842,136.88875842544206,,3.109663687772358,
2026-03-30,4,9870.84017944336,2467.71004486084,93.89082219474112,95.91847398862495,,3.212795965956584,
2026-04-06,4,11132.820297241211,2783.2050743103027,107.99212830678675,99.35494900451884,,2.818430385134588,
2026-04-13,3,9132.120147705078,3044.040049235026,103.52586131978374,101.14298167748757,,2.5152350704165634,
2026-04-20,4,16350.300064086914,4087.5750160217285,87.97948161142676,77.98438407663274,,4.4111620812245995,
2026-04-27,5,14264.640380859375,2852.928076171875,103.4131522954852,99.5989945199292,,2.8877375046828484,
2026-05-04,5,9052.560241699219,1810.5120483398437,113.7625075235092,103.44897952892744,,2.8999399576575597,
2026-05-11,4,10721.340286254883,2680.3350715637207,95.3419276813668,96.34673199086102,,2.860321472988294,
2026-05-18,2,4389.1201171875,2194.56005859375,157.6915315904173,157.6915315904173,,2.5524028076181464,
2026-05-25,3,9989.820266723633,3329.9400889078775,105.20386094296087,100.44160453777383,,3.2773481138781917,
2026-06-01,8,23565.900344848633,2945.737543106079,136.4891271416238,132.29721470128922,,2.6477093558636158,
2026-06-08,4,14934.640075683594,3733.6600189208984,116.75265374500242,117.05027365192814,,2.9773467067359904,
2026-06-15,4,15888.92007446289,3972.2300186157227,118.16457993420113,117.28895360567824,,2.9228731232833955,
