race_date,event,course,percent_off_best,race_time_sec,pre_race_14d_load,pre_race_14d_distance_km,pre_race_14d_sessions
2024-06-07,1500 FR LCM,LCM,3.262976613393016,1241.19,1318.7056450532957,16.664940444946286,7
2024-06-08,400 FR LCM,LCM,3.77860026917901,308.43,1318.7056450532957,16.664940444946286,7
2024-06-09,100 FR LCM,LCM,3.8300418910831873,69.4,1318.7056450532957,16.664940444946286,7
2024-06-09,800 FR LCM,LCM,4.415422885572143,638.02,1318.7056450532957,16.664940444946286,7
2024-06-22,400 IM LCM,LCM,3.771798990362561,361.79,2852.3760296059863,47.86772012329101,12
2024-06-22,100 FR LCM,LCM,0.6882106523040001,67.3,2852.3760296059863,47.86772012329101,12
2024-06-22,200 FR LCM,LCM,5.097984517748799,150.7,2852.3760296059863,47.86772012329101,12
2024-06-23,200 IM LCM,LCM,2.688235294117643,174.57,2852.3760296059863,47.86772012329101,12
2024-06-23,50 FR LCM,LCM,1.7994858611825153,31.68,2852.3760296059863,47.86772012329101,12
2024-06-23,400 FR LCM,LCM,6.231493943472422,315.72,2852.3760296059863,47.86772012329101,12
2024-07-11,200 FR LCM,LCM,0.481205104958523,144.08,2736.8893745781916,45.88620010375977,11
2024-07-12,400 IM LCM,LCM,5.464089031665905,367.69,2416.2865176182922,40.836200103759765,10
2024-07-12,100 FR LCM,LCM,0.0,66.84,2416.2865176182922,40.836200103759765,10
2024-07-12,400 IM LCM,LCM,0.0,348.64,2416.2865176182922,40.836200103759765,10
2024-07-12,200 BK LCM,LCM,0.0,168.66,2416.2865176182922,40.836200103759765,10
2024-07-13,400 FR LCM,LCM,0.7537012113055213,299.44,2203.8950799682434,36.03620010375977,9
2024-07-13,100 BK LCM,LCM,1.4471243042671638,82.02,2203.8950799682434,36.03620010375977,9
2024-07-14,50 FR LCM,LCM,0.0,31.12,2203.8950799682434,36.03620010375977,9
2024-07-14,200 IM LCM,LCM,0.0,170.0,2203.8950799682434,36.03620010375977,9
2024-07-19,100 FL SCY,SCY,2.351863164324973,67.02,1744.709448728429,29.445860336303713,8
2024-07-19,50 FR SCY,SCY,2.893309222423149,28.45,1744.709448728429,29.445860336303713,8
2024-07-20,100 FR SCY,SCY,3.226913834534848,60.14,1507.6852732006798,25.345860336303712,7
2024-07-20,100 BK SCY,SCY,2.692140686061657,70.95,1507.6852732006798,25.345860336303712,7
2024-10-06,100 BR SCY,SCY,3.765187056417671,86.26,2017.6993946576847,27.964624169846385,9
2024-10-06,50 FR SCY,SCY,4.773960216998193,28.97,2017.6993946576847,27.964624169846385,9
2024-10-06,200 FR SCY,SCY,3.914647842130592,129.54,2017.6993946576847,27.964624169846385,9
2024-10-06,200 BK SCY,SCY,10.817776539426024,159.09,2017.6993946576847,27.964624169846385,9
2024-10-26,50 FR SCY,SCY,0.0,27.65,2324.463799084311,35.52444094848632,10
2024-10-26,200 FR SCY,SCY,6.385368201508109,132.62,2324.463799084311,35.52444094848632,10
2024-10-26,100 FR SCY,SCY,5.355303810504643,61.38,2324.463799084311,35.52444094848632,10
2024-11-09,500 FR SCY,SCY,5.182571340902131,342.79,2587.0194835922516,40.005001068115234,11
2024-11-09,100 FL SCY,SCY,9.560171044593757,71.74,2587.0194835922516,40.005001068115234,11
2024-11-09,100 BK SCY,SCY,7.005355333622816,73.93,2587.0194835922516,40.005001068115234,11
2024-11-10,50 FR SCY,SCY,1.9168173598553389,28.18,2441.535664685706,38.33622102355957,10
2024-11-10,200 FR SCY,SCY,7.211615594416822,133.65,2441.535664685706,38.33622102355957,10
2024-11-11,100 FR SCY,SCY,6.797116374871269,62.22,2441.535664685706,38.33622102355957,10
2024-11-11,1000 FR SCY,SCY,4.394448805486037,704.84,2441.535664685706,38.33622102355957,10
2024-11-23,100 BK SCY,SCY,3.835576783905039,71.74,1594.401155027424,30.906720825195315,9
2024-11-23,100 FR SCY,SCY,7.895640233436323,62.86,1594.401155027424,30.906720825195315,9
2024-11-23,50 FR SCY,SCY,1.2296564195298367,27.99,1594.401155027424,30.906720825195315,9
2024-12-05,1000 FR SCY,SCY,4.8654412962661295,708.02,1798.962664046235,25.90038069152832,10
2024-12-06,200 FR SCY,SCY,2.4065458045884807,127.66,1576.4786657967563,21.717000579833982,9
2024-12-07,50 FR SCY,SCY,0.9764918625678232,27.92,1423.9743938617144,18.836640502929686,8
2024-12-07,500 FR SCY,SCY,2.000613685179515,332.42,1423.9743938617144,18.836640502929686,8
2024-12-08,1650 FR SCY,SCY,4.286746054115001,1184.03,1423.9743938617144,18.836640502929686,8
2024-12-08,100 FR SCY,SCY,1.5962924819773423,59.19,1423.9743938617144,18.836640502929686,8
2025-02-01,500 FR SCY,SCY,8.600797790733363,353.93,2091.7503067404527,34.92506047058105,12
2025-02-01,50 FR SCY,SCY,6.220614828209774,29.37,2091.7503067404527,34.92506047058105,12
2025-02-01,200 FR SCY,SCY,11.086154339804262,138.48,2091.7503067404527,34.92506047058105,12
2025-02-02,100 FR SCY,SCY,4.462753175420532,60.86,2091.7503067404527,34.92506047058105,12
2025-02-02,400 IM SCY,SCY,3.640823704086253,321.1,2091.7503067404527,34.92506047058105,12
2025-02-02,100 BK SCY,SCY,6.2816616008105415,73.43,2091.7503067404527,34.92506047058105,12
2025-04-04,100 FR SCY,SCY,2.9522828698935784,59.98,1334.8743300439398,21.579840576171875,6
2025-04-04,100 FR SCY,SCY,7.826982492276008,62.82,1334.8743300439398,21.579840576171875,6
2025-04-04,200 FR SCY,SCY,4.299695170864763,130.02,1334.8743300439398,21.579840576171875,6
2025-04-04,200 FR SCY,SCY,3.8424514679929342,129.45,1334.8743300439398,21.579840576171875,6
2025-04-12,100 FL LCM,LCM,5.651429324199719,80.2,2116.1360247330426,27.70632073974609,8
2025-04-12,400 FR LCM,LCM,3.580080753701207,307.84,2116.1360247330426,27.70632073974609,8
2025-04-12,50 FR LCM,LCM,2.538560411311052,31.91,2116.1360247330426,27.70632073974609,8
2025-04-25,500 FR SCY,SCY,4.713102178582392,341.26,2545.0231904894263,38.35908102416992,11
2025-04-25,500 FR SCY,SCY,3.304694691623209,336.67,2545.0231904894263,38.35908102416992,11
2025-04-25,100 BK SCY,SCY,5.471124620060792,72.87,2545.0231904894263,38.35908102416992,11
2025-04-25,100 BK SCY,SCY,1.157909972499634,69.89,2545.0231904894263,38.35908102416992,11
2025-05-07,500 FR SCY,SCY,0.5001534212948744,327.53,1800.8500862004755,31.295340835571288,13
2025-05-07,500 FR SCY,SCY,0.0,325.9,1800.8500862004755,31.295340835571288,13
2025-05-07,100 FR SCY,SCY,0.0,58.26,1800.8500862004755,31.295340835571288,13
2025-05-07,200 FR SCY,SCY,0.0,124.66,1800.8500862004755,31.295340835571288,13
2025-05-07,200 FR SCY,SCY,0.1443927482753143,124.84,1800.8500862004755,31.295340835571288,13
2025-05-10,100 FR SCY,SCY,2.042567799519404,59.45,1570.8100972058771,27.363420730590818,13
2025-05-10,100 BK SCY,SCY,0.0144738746562323,69.1,1570.8100972058771,27.363420730590818,13
2025-05-10,1000 FR SCY,SCY,1.264866626183047,683.71,1570.8100972058771,27.363420730590818,13
2025-05-17,200 FR LCM,LCM,4.107678359718261,149.28,1599.1890851207163,26.22042070007324,11
2025-05-17,100 BK LCM,LCM,0.0,80.85,1599.1890851207163,26.22042070007324,11
2025-05-17,50 FR LCM,LCM,1.5424164524421609,31.6,1599.1890851207163,26.22042070007324,11
2025-06-06,1500 FR LCM,LCM,0.6847092689501417,1210.2,1608.9285977863292,27.98810050964355,10
2025-06-06,200 FR LCM,LCM,0.0,143.39,1608.9285977863292,27.98810050964355,10
2025-06-07,50 FL LCM,LCM,0.0,33.76,1445.193372039199,25.336340438842768,9
2025-06-07,400 FR LCM,LCM,0.0,297.2,1445.193372039199,25.336340438842768,9
2025-06-08,800 FR LCM,LCM,0.0,611.04,1445.193372039199,25.336340438842768,9
2025-06-28,100 FL LCM,LCM,0.0,75.91,2812.859313276033,49.874360321044925,15
2025-06-28,200 FR LCM,LCM,3.2080340330567148,147.99,2812.859313276033,49.874360321044925,15
2025-06-28,1500 FR LCM,LCM,3.7563333527458975,1247.12,2812.859313276033,49.874360321044925,15
2025-06-29,400 FR LCM,LCM,2.880215343203231,305.76,2592.451415102185,46.274360321044924,13
2025-06-29,200 IM LCM,LCM,2.735294117647062,174.65,2592.451415102185,46.274360321044924,13
2025-06-29,50 FR LCM,LCM,2.2493573264781466,31.82,2592.451415102185,46.274360321044924,13
2025-07-17,200 FR LCM,LCM,2.7268289280982114,147.3,1781.5978285687602,28.131720062255862,10
2025-07-17,1500 FR LCM,LCM,5.530920072880356,1268.45,1781.5978285687602,28.131720062255862,10
2025-07-18,400 IM LCM,LCM,8.231987150068836,377.34,1611.2257321196234,25.8,9
2025-07-18,400 IM LCM,LCM,8.280748049564021,377.51,1611.2257321196234,25.8,9
2025-07-18,200 BK LCM,LCM,0.5988378987311698,169.67,1611.2257321196234,25.8,9
2025-07-18,200 BK LCM,LCM,7.500296454405316,181.31,1611.2257321196234,25.8,9
2025-07-19,400 FR LCM,LCM,5.30619111709288,312.97,1611.2257321196234,25.8,9
2025-07-19,800 FR LCM,LCM,8.156585493584714,660.88,1611.2257321196234,25.8,9
2025-07-20,50 FR LCM,LCM,4.305912596401027,32.46,1611.2257321196234,25.8,9
2025-07-20,200 FR LCM,LCM,6.639235651021696,152.91,1611.2257321196234,25.8,9
2025-10-04,100 FL SCY,SCY,4.87171655467318,68.67,3120.364051969846,28.16352075195312,10
2025-10-04,200 IM SCY,SCY,0.150513709835737,153.04,3120.364051969846,28.16352075195312,10
2025-10-05,200 FR SCY,SCY,8.904219476977374,135.76,2738.9032289505008,25.69464068603515,9
2025-10-05,200 BK SCY,SCY,3.441069935915295,148.5,2738.9032289505008,25.69464068603515,9
2025-10-25,50 FL SCY,SCY,4.4055717525105145,32.23,4510.649096463125,41.0565610961914,11
2025-10-25,100 FR SCY,SCY,10.641949879848946,64.46,4510.649096463125,41.0565610961914,11
2025-10-25,50 FR SCY,SCY,7.486437613019893,29.72,4510.649096463125,41.0565610961914,11
2025-11-22,50 FL SCY,SCY,0.0,30.87,3979.807860720158,28.43784075927734,10
2025-11-22,500 FR SCY,SCY,6.67689475299173,347.66,3979.807860720158,28.43784075927734,10
2025-11-22,100 FR SCY,SCY,11.259869550291787,64.82,3979.807860720158,28.43784075927734,10
2026-01-15,1000 FR SCY,SCY,3.033310129300772,695.65,3986.4938525021075,27.98064074707031,11
2026-01-16,500 FR SCY,SCY,6.624731512733978,347.49,3986.4938525021075,27.98064074707031,11
2026-01-16,200 BK SCY,SCY,0.0,143.56,3986.4938525021075,27.98064074707031,11
2026-01-17,200 FR SCY,SCY,7.957644793839255,134.58,3584.1463142752646,24.003000640869143,10
2026-01-17,100 FL SCY,SCY,0.0,65.48,3584.1463142752646,24.003000640869143,10
2026-01-18,100 FR SCY,SCY,5.973223480947484,61.74,3221.2130447049935,21.465540573120116,9
2026-01-18,1650 FR SCY,SCY,10.475972378804968,1254.3,3221.2130447049935,21.465540573120116,9
2026-04-11,200 FR LCM,LCM,9.5822581769998,157.13,2189.0334226099494,28.65366047668457,11
2026-04-11,50 FL LCM,LCM,5.746445497630346,35.7,2189.0334226099494,28.65366047668457,11
2026-04-11,50 FR LCM,LCM,4.11311053984575,32.4,2189.0334226099494,28.65366047668457,11
2026-05-06,500 FR SCY,SCY,2.4608775698067014,333.92,1672.0707477276694,23.836840545654297,9
2026-05-09,200 FR SCY,SCY,2.775549494625388,128.12,1866.2929162865726,26.717200622558597,11
2026-05-09,50 FR SCY,SCY,0.0723327305605899,27.67,1866.2929162865726,26.717200622558597,11
2026-05-09,200 BK SCY,SCY,2.424073558094169,147.04,1866.2929162865726,26.717200622558597,11
