week_start,sessions,total_distance_km,total_duration_min,mean_avg_hr,max_hr,mean_hrr_intensity,total_near_max_min,total_simple_hr_load,total_zone_weighted_load,total_combined_load,mean_load_per_km,mean_hr_efficiency_proxy,mean_pace_50_s,load_4w_avg,hr_4w_avg,near_max_4w_avg,load_delta,load_pct_change,acute_load_2w,chronic_load_6w,acute_chronic_ratio,near_max_share,load_per_hour,high_intensity_week,high_load_week,low_load_week,load_phase,phase_with_intensity,previous_phase,phase_transition
2024-05-27,2,4.68630012512207,270.7860826333364,141.03388850335415,195.0,0.5250630390308806,26.98319473663966,142.4909370047303,270.7860826333364,405.7020563165347,91.38549667038625,0.4944768118806728,70.22280113575944,405.7020563165347,141.03388850335415,26.98319473663966,,,405.7020563165347,,,0.09964764242768276,89.89429272830483,False,False,True,recovery,recovery,,start -> recovery
2024-06-03,5,11.978640319824216,446.2467243393262,143.94129121536844,193.0,0.5456829164210527,92.74984470804532,242.61703002222256,443.952660381794,907.7018839220208,74.68117171499846,0.3284366312008467,47.29968939868169,656.7019701192777,142.4875898593613,59.866519722342495,501.9998276054861,123.73608163667242,656.7019701192778,656.7019701192778,1.0,0.20784431492547673,122.0448466393856,False,False,False,mixed,mixed,recovery,recovery -> mixed
2024-06-10,6,22.821800079345703,847.5358479897181,140.42011590029998,208.0,0.520710041846099,117.32080900669098,442.3675354703368,847.5358479897181,1434.139893023173,89.9299874529308,0.414918337484727,57.88438572635602,915.8479444205764,141.79843187300753,79.017949483792,526.4380091011523,57.99679591128597,1170.920888472597,915.8479444205763,1.2785101452767862,0.13842577784168753,101.52773335250626,False,False,False,loading,loading,mixed,mixed -> loading
2024-06-17,6,25.045920043945312,902.4131684184074,142.2464291844971,198.0,0.5336626183297667,97.1748450756073,482.66131553611,902.4131684184074,1388.287393796444,61.866607711588784,0.3337329217331026,47.10450298014592,1033.957806764543,141.9104312008799,83.55717338174581,-45.85249922672915,-3.1972124511557842,1411.2136434098084,1033.9578067645432,1.3648657945006215,0.10768331899003472,92.30499569701043,False,False,False,mixed,mixed,loading,loading -> mixed
2024-06-24,7,28.317520080566403,1079.477999917666,139.42911890205684,200.0,0.5136816943408288,135.5893369078636,556.8773266102557,1079.477999917666,1757.4246844569843,85.49438475148642,0.4118846250267908,56.91802155812224,1371.8884637996557,141.50923880055558,110.7087089245518,369.13729066054043,26.58940017103295,1572.8560391267142,1178.6511823030314,1.3344542157531496,0.12560639208784735,97.68191762635422,False,True,False,loading,loading,mixed,mixed -> loading
2024-07-01,5,23.6,719.8056507349014,146.85647466537174,205.0,0.5663579763501541,85.68332825303078,406.2017150421429,1003.8063971698284,1432.2230384349823,62.96903207362145,0.2831618750349237,41.68968744041801,1503.0187524278958,142.2380346630564,108.94207981079816,-325.201646022002,-18.504442830361413,1594.8238614459833,1220.9131583250232,1.3062549539837296,0.11903675410932174,119.38414517635887,False,False,False,mixed,mixed,loading,loading -> mixed
2024-07-08,3,10.74456005859375,395.0008215506872,148.51352479320872,200.0,0.5781101049163739,54.233320605754855,228.57671033568076,395.0008215506872,666.1674245794615,70.04205424978079,0.3071212406092331,45.43480854612539,1311.025635316968,144.26138688628362,93.17020771056414,-766.0556138555208,-53.48717296801793,1049.195231507222,1264.324053035511,0.8298467698911627,0.13729926027203349,101.18977808161004,False,False,True,recovery,recovery,mixed,mixed -> recovery
2024-07-15,3,10.40130027770996,414.7405689020952,137.66327381488034,187.0,0.5011579703183004,39.28325183590253,207.8198684765446,414.7405689020952,611.1568280816078,58.94077715351788,0.3918437663565894,53.86903023301043,1116.742993888259,143.1155980438794,78.69730940063795,-55.01059649785361,-8.257773416732395,638.6621263305346,1214.899877062109,0.5256911605546936,0.0947176494932567,88.41529484797701,False,False,True,recovery,recovery,recovery,recovery -> recovery
2024-07-22,5,14.424660385131835,682.9032264490922,137.28123493414188,191.0,0.498448474710226,71.84997036059697,338.707047161716,682.9032264490922,1042.153078252077,75.40190635671074,0.4342910915398967,59.20682255819335,937.925092337032,142.57862705190067,62.76246776382128,430.9962501704691,70.52138344315743,826.6549531668425,1149.568741266926,0.7191000620422193,0.1052125214493376,91.56375643480126,False,False,False,mixed,mixed,recovery,recovery -> mixed
2024-07-29,2,0.6446759185791,95.07747419675192,115.41152398334567,174.0,0.3433441417258559,4.075,33.35243151326944,95.07747419675192,115.45247419675192,184.01385157632285,4.066514179125967,454.1208251325239,608.7324512774745,134.71738938139416,42.36038570056358,-926.700604055325,-88.92173552944914,578.8027762244144,937.4295880003107,0.6174360012031352,0.042859783922817044,72.8579351768451,False,False,True,recovery,recovery,mixed,mixed -> recovery
2024-08-05,7,6.338447875976562,502.5306140681108,107.9481549350094,170.0,0.2904124463475845,22.46666667064031,134.17863171875723,502.5306140681108,614.8639474213123,98.77035325735164,2.2351546067681407,236.1021858603695,595.9065819879372,124.57604691684432,34.41872221678496,499.4114732245604,432.56887883881365,365.158210809032,747.0027984943654,0.4888311148834155,0.04470706070773885,73.41211821232164,False,False,True,recovery,recovery,recovery,recovery -> recovery
2024-08-12,5,8.979870529174804,459.7196959177653,133.2703452553303,198.0,0.4700024486193639,60.94986568291982,246.14654762186572,700.624505418539,1005.3738338331382,105.58704171249602,0.733753590723947,91.40839684896368,694.4608334258198,123.47781477695682,39.83537567853928,390.50988641182585,63.51159277586391,810.1188906272251,675.8612643940581,1.1986467242704542,0.13258049682044196,131.21567460703005,False,False,False,loading,loading,recovery,recovery -> loading
2024-08-19,4,10.67562028503418,519.1172305504481,140.50725740837714,192.0,0.5213280667260789,83.93330446481704,268.3547313845671,519.1172305504481,938.7837528745332,88.56155919839343,0.3954652347054425,55.24906063619935,668.6185020814339,124.28432039551564,42.85620920459429,-66.59008095860497,-6.623414964433705,972.0787933538356,721.2973191099035,1.3476811400788262,0.16168468223606836,108.5054046708205,False,False,False,mixed,mixed,loading,loading -> mixed
2024-08-26,5,16.253460433959958,593.0310597141583,152.08660175777575,196.0,0.6034510762962819,129.74972523053486,354.3130103858477,1037.795711028576,1686.5443371812505,104.28768110451452,0.3207888782232861,48.53736679217036,1061.3914678275585,133.45308983912315,74.27489051222801,747.7605843067173,79.65205852967657,1312.6640450278917,900.5285706265105,1.4576595211350738,0.21879077512917178,170.63635803434985,False,True,False,loading,loading,mixed,mixed -> loading
2024-09-02,2,6.560820175170898,267.3458815495173,156.9046775461744,205.0,0.637621826568613,42.822918421030046,170.1961877216341,534.6917630990346,748.8063552041848,116.35520442405276,0.2875264432824342,45.108597703680815,1094.8770697732766,145.6922204919144,79.36395344982544,-937.7379819770657,-55.60114616045746,1217.6753461927176,851.6374501185286,1.4298048377548978,0.16017796187033637,168.05338856110092,False,False,True,recovery,recovery,loading,loading -> recovery
2024-09-09,5,16.322040435791013,589.8131827692191,149.80220893983983,195.0,0.5872497087931903,102.6332158823808,342.5278292694712,897.8509981215,1411.017077533404,87.72539155221378,0.3299192005339801,49.15099774054503,1196.287880698343,149.8251864130418,89.7847909996907,662.2107223292193,88.4355104262767,1079.9117163687943,1067.5648840079705,1.0115654163468453,0.17400970151346873,143.53871213002412,False,False,False,mixed,mixed,recovery,recovery -> mixed
2024-09-16,4,13.441680358886718,504.8306308329105,145.11139918045092,196.0,0.5539815544712832,97.09984072049458,279.52399711952364,626.2787566324075,1111.7779602348803,83.89667792858032,0.3795452270164176,54.82633965731298,1239.5364325384298,150.97622185606022,93.07642506361007,-299.23911729852375,-21.207334912035435,1261.3975188841418,1150.3838861435652,1.0965013801720815,0.1923414206469433,132.13674753458352,False,False,False,mixed,mixed,mixed,mixed -> mixed
2024-09-23,5,17.190720458984377,539.9510209918022,156.47529131471816,202.0,0.6345765341469374,105.7832512676716,342.9499247250972,1079.9020419836045,1608.8182983219624,94.77727095166078,0.3038079162229026,47.47569188868226,1220.104922823608,152.07339424529584,87.08480657289425,497.0403380870821,44.706799007067445,1360.2981292784211,1250.9579635583693,1.087405147818902,0.19591267940074447,178.77380382022335,False,True,False,loading,loading,mixed,mixed -> loading
2024-09-30,4,10.773903710862008,425.9595507999261,141.8870942033822,204.0,0.5311141432863985,89.4999923467636,246.98031371832496,545.5189257999261,993.018887533744,112.54070889740932,0.968930801312633,116.81854846526956,1281.1580559059978,148.31899840959778,98.75407505432764,-615.7994107882184,-38.27650465130292,1300.9185929278528,1259.9971526682377,1.0324774069314027,0.21011382930301262,139.8750964502026,False,False,False,mixed,mixed,loading,loading -> mixed
2024-10-07,4,14.561820388793944,516.1443859179815,143.63841278980595,194.0,0.5435348424808933,82.06642294923464,280.4534905373576,516.1443859179815,926.4765006641549,65.13402590963081,0.4135326867263131,59.35954628822057,1160.022911688685,146.7780493720893,93.6123768210411,-66.54238686958911,-6.701019256023755,959.7476940989492,1133.3191799153883,0.846846776360568,0.1589989646080845,107.69968938242536,False,False,False,unloading,unloading,mixed,mixed -> unloading
2024-10-14,4,12.710160339355468,506.2834190825621,145.09096553167447,198.0,0.5538366349764147,49.33333334724109,279.4954801544157,628.0895065824191,874.7561733186244,71.61557773328568,0.37311678717732,53.9150017954026,1100.7674649596215,146.7729409598952,81.67074997772772,-51.72032734553045,-5.582475897494876,900.6163369913894,1154.310816267795,0.7802199583499791,0.09744212725085524,103.66796229318824,False,False,False,unloading,unloading,unloading,unloading -> unloading
2024-10-21,6,19.979640533447267,707.142199454705,146.59188659527163,203.0,0.5644814652146923,149.23330359657606,399.5140788273407,707.142199454705,1453.3087174375853,74.69139415727109,0.325581011848263,47.679206020270605,1061.8900697385272,144.30208978003355,92.53326305995384,578.5525441189609,66.13872091054415,1164.0324453781045,1161.3594229184919,1.002301632386032,0.21103719126316262,123.31115737894879,False,False,False,mixed,mixed,unloading,unloading -> mixed
2024-10-28,5,19.339560516357423,653.1793548007806,142.46979943698148,200.0,0.5352468045175991,99.533314371109,350.699160184011,653.1793548007806,1150.8459266563257,58.08365152412688,0.348382138763745,49.62482008837708,1101.3468295191724,144.44776608843338,95.0415935660402,-302.4627907812596,-20.812012420495883,1302.0773220469553,1167.8707506553994,1.1149156028749245,0.1523828235530601,105.71484706591804,False,False,False,mixed,mixed,mixed,mixed -> mixed
2024-11-04,5,18.996660507202147,675.7137305676937,142.2665087050806,203.0,0.5338050262771674,114.43321496645608,360.9499363873555,808.4347715675831,1380.6008463998637,72.25531841947495,0.3411967380233558,48.4013757763543,1214.8779159530998,144.10479006725205,103.13329157034556,229.75491974353804,19.96400338410802,1265.7233865280946,1129.8345086683828,1.1202732584437254,0.16935162005708576,122.59045071408863,False,False,False,loading,loading,mixed,mixed -> loading
2024-11-11,4,10.561320281982422,380.0538542151451,117.88142848188876,189.0,0.3608611949070125,48.6332171857357,186.9789864738843,380.0538542151451,623.2199401438237,59.051533161470296,0.3670334656340586,51.03747911189949,1151.9938576593995,137.30240580480563,102.95826252996922,-757.38090625604,-54.858789072238444,1001.9103932718435,1068.2013507700628,0.9379415150051716,0.12796401522139247,98.38920456641775,False,False,True,recovery,recovery,loading,loading -> recovery
2024-11-18,5,20.34540054321289,679.5218054016431,143.74764010830268,201.0,0.5443095043142033,55.649941591421765,371.5070432362896,816.0899313688278,1094.3396393259368,53.50936102860304,0.3068035264502896,43.976343755032055,1062.2515881314876,136.59134418306337,79.56242202868066,471.1196991821131,75.59445210841463,858.7797897348801,1096.1785405470266,0.7834305799366613,0.08189574072391821,96.62733092243671,False,False,False,mixed,mixed,recovery,recovery -> mixed
2024-11-25,4,12.664440338134764,509.3504461586475,139.96910501717383,192.0,0.5175113831005236,48.13333334128062,256.04739592245704,594.0533642013868,834.7200309077899,67.93231340747344,0.368968423140238,50.94382364507593,983.2201141943534,135.96617057811147,66.71242677122355,-259.61960841814687,-23.723860407547757,964.5298351168631,1089.5058501452208,0.8852911023729706,0.09449944277910481,98.32759003585514,False,False,False,unloading,unloading,mixed,mixed -> unloading
2024-12-02,4,6.172200164794921,352.5928131679694,126.8801791509632,198.0,0.4246821216380368,63.14997762044271,151.7960185704999,352.5928131679694,668.3427012701829,80.28811106755008,0.3337719764846632,44.24281588975605,805.1555779119333,132.11958818958212,53.8916174347202,-166.37732963760698,-19.932111783236508,751.5313660889863,958.678180783987,0.7839245548223488,0.17910171524216265,113.73051457264879,False,False,True,recovery,recovery,unloading,unloading -> recovery
2024-12-09,3,8.686800231933592,258.57678591807684,151.92664561630474,194.0,0.6023166355766293,58.76669134100278,158.1313320400199,480.8714857359727,774.7049424409865,85.0285084603154,0.3270167663516923,49.687721539656486,843.0268284862241,140.63089247318612,56.42498597353697,106.3622411708036,15.914326732178342,721.5238218555845,895.9880167480973,0.8052828925930128,0.2272697880915785,179.76206325491984,True,False,False,mixed,mixed + intensity,recovery,recovery -> mixed
2024-12-16,5,22.128480590820317,664.8837490558624,150.64833867833832,196.0,0.5932506289243853,104.04999999602636,393.98234637529777,916.2570511917272,1436.507051171859,64.5463737886698,0.3172666568666535,47.76071248764349,928.5686814477046,142.35606711569503,68.52500057468812,661.8021087308725,85.42634395046286,1105.6059968064226,905.30571754343,1.2212515345716721,0.15649352258011687,129.6323202254564,False,False,False,loading,loading,mixed,mixed -> loading
2024-12-23,3,15.133320404052734,396.7181224147479,149.44962549885,199.00000000000003,0.5847491170131206,81.33323511282603,232.3528126387314,670.9583494464557,1077.6245250105858,67.12191784510235,0.3194309983491165,47.49651951993064,989.2948049734036,144.72619723611405,76.82497601757447,-358.8825261612733,-24.9829978814589,1257.0657880912222,981.0398150212235,1.2813606225186969,0.20501517454702112,162.98088705168647,False,False,False,mixed,mixed,loading,loading -> mixed
2024-12-30,6,28.552140762329103,891.0586004177729,147.15802903154557,194.0,0.5684966597981954,211.8665539820989,507.979792919485,1031.1843332350254,2090.51710314552,73.56269912328159,0.3409231534303845,50.02721978911273,1344.8384054422377,149.79565970625964,114.00412010798853,1012.8925781349344,93.99308893095065,1584.0708140780528,1147.0693923244874,1.3809720882430667,0.2377694956120341,140.76630440458445,True,True,False,loading,loading + intensity,mixed,mixed -> loading
2025-01-06,4,16.024860427856442,495.6696750322978,150.30921011261256,206.0,0.5908454617915784,93.11638272603354,293.05340657152584,869.9546847979228,1335.5365984280904,82.1732034587598,0.3314508775327544,49.44130725560312,1485.0463194390138,149.3913008303366,122.5915429542462,-754.9805047174298,-36.11453374772394,1713.026850786805,1230.5388202445374,1.392094928339104,0.18785975300983682,161.66451155290872,False,False,False,mixed,mixed,loading,loading -> mixed
2025-01-13,4,16.253460433959958,523.7306496322155,144.60678440246537,193.0,0.5504027262586196,91.54987700184186,287.8485019322197,523.7306496322155,981.4800346414248,60.93574101427554,0.3242518530113524,46.91899946878957,1371.2895653064052,147.8809122613684,119.46651220570008,-354.0565637866656,-26.510435146695766,1158.5083165347573,1282.7283758064111,0.9031594984452102,0.1748033594484719,112.44100783454155,False,False,False,unloading,unloading,mixed,mixed -> unloading
2025-01-20,7,18.831620040893554,692.2948616325855,143.7310942178872,202.0,0.544192157573668,97.26868598858516,352.01988195477264,815.5985021809737,1301.9419321238995,93.18713042363925,0.3676983782861545,53.32989414173862,1427.3689170847335,146.45127944112767,123.45037492463987,320.4618974824747,32.650882969774585,1141.710983382662,1370.60120742023,0.8330001295793479,0.14050181704253,112.8370586822179,False,False,False,mixed,mixed,unloading,unloading -> mixed
2025-01-27,5,16.093440429687497,546.1657298823197,136.8911030023624,195.0,0.4956815815770383,69.76653009255728,268.6630898696302,546.1657298823197,894.9983803451062,57.8311371216353,0.3357302563840398,45.753589137061546,1128.4892363846302,143.8845479338319,87.92536895225446,-406.94355177879333,-31.256659128793352,1098.4701562345026,1280.349762282438,0.8579453744547861,0.127738754512462,98.32162635373861,False,False,False,unloading,unloading,mixed,mixed -> unloading
2025-02-03,1,0.0,120.16042175094286,,,,0.0,0.0,0.0,0.0,,,,794.6050867776075,141.74299387423832,64.64627327074608,-894.9983803451062,-100.0,447.49919017255297,1100.7456747806737,0.4065418565116945,0.0,0.0,False,False,True,recovery,recovery,unloading,unloading -> recovery
2025-02-10,6,22.014180587768557,800.5974978824456,132.06857828734232,194.0,0.4614792786336334,81.64583331545194,367.7069222013392,800.5974978824456,1208.8266644597052,59.7397649224134,0.4074571539954741,53.84587679648496,851.4417442321777,137.56359183586395,62.17026234914859,1208.8266644597052,inf,604.4133322298525,953.7972683330377,0.6336916159197987,0.10198112476169675,90.59433742850902,False,False,False,mixed,mixed,recovery,recovery -> mixed
2025-02-17,5,18.49374049377441,667.9854733665784,140.19865104237584,194.0,0.5191393690948641,73.26663500070572,347.79936224353,794.3735807836056,1160.7067557871342,62.0357897908256,0.3363095386164439,46.86140764841648,816.1329501479863,136.3861107773602,56.169749602178726,-48.119908672571,-3.980712048081647,1184.7667101234197,924.6589612262118,1.281301279503389,0.10968297653457848,104.25736505352049,False,False,False,mixed,mixed,mixed,mixed -> mixed
2025-02-24,5,16.162020431518556,604.1640813032786,142.19140864745623,195.0,0.5332724017550087,72.64999999403953,322.6497795863189,604.1640813032786,967.4140812734764,61.640981682469736,0.3568806752901233,50.71834074473086,834.2368753800789,138.1528793257248,56.890617077549294,-193.29267451365774,-16.65301537618571,1064.0604185303052,922.3146356648869,1.1536848461297975,0.120248790423492,96.07463712704761,False,False,False,mixed,mixed,mixed,mixed -> mixed
2025-03-03,3,9.692640258789062,395.8288171509902,135.97626901185424,189.0,0.4891933972471933,34.33333332538605,193.7734994833949,395.8288171509902,567.4954837779203,60.2845977081451,0.4346426411972934,59.35536844644826,976.1107463245588,137.60872674725715,65.4739504088958,-399.9185974955561,-41.338926653735975,767.4547825256982,799.9068942738904,0.9594301387067674,0.0867378317033686,86.02134951101057,False,False,True,recovery,recovery,mixed,mixed -> recovery
2025-03-10,2,7.886700210571288,288.8383802155654,148.8090058256136,198.0,0.5802057150752737,38.48333333333333,167.54130684913815,288.8383802155654,481.255046882232,61.44076392214849,0.3071204164586685,45.71069293311327,794.2178419301907,141.79383363182498,54.68332541336616,-86.24043689568828,-15.19667369360722,524.375265330076,730.949672030078,0.7173890151338606,0.13323483293533397,99.9704498806002,False,False,True,recovery,recovery,recovery,recovery -> recovery
2025-03-17,3,6.286500167846678,251.21752591927844,141.88981303242227,183.0,0.53113342576186,39.68333332935969,127.00824279865284,303.89488676985104,502.3115534166495,93.51555298823932,0.3783401831246118,53.49469430656978,629.6190413375696,142.2166241293366,46.28749999552966,21.05650653441745,4.375332096947382,491.7833001494406,814.6682642661863,0.6036608049196751,0.15796403210383814,119.97050402718787,False,False,True,recovery,recovery,recovery,recovery -> recovery
2025-03-24,3,10.012680267333984,322.2019477347533,138.1494231981803,198.0,0.5046058382849666,36.550733153025305,165.38060728662205,441.5412217517694,624.2948875168959,60.283416349740094,0.3374492603685537,46.056264710909154,543.8392428984243,141.20612776701762,37.2626832852761,121.9833341002464,24.28439745622686,563.3032204667725,717.2463014423847,0.785369292715721,0.11344044755159274,116.25532841859199,False,False,True,recovery,recovery,recovery,recovery -> recovery
2025-03-31,3,11.56716030883789,397.85762321750326,141.38092700205377,182.0,0.5275243049791047,85.13333331545194,208.9484869049348,397.85762321750326,823.524289794763,71.79913960303445,0.3337142222543434,47.16644276929103,607.8464444026351,142.55729226456748,49.96268328279257,199.22940227786717,31.912707642103697,723.9095886558293,661.0492237769895,1.0950918065067516,0.2139793945054327,124.19381835162983,False,False,False,loading,loading,recovery,recovery -> loading
2025-04-07,5,16.139160430908202,628.6747392495473,144.27561867281742,187.0,0.5480540331405489,132.76641138394675,341.57699077389793,861.3305234670639,1525.1625803867976,94.76036147171276,0.3393188765371976,48.46899058554217,868.8233277787765,141.42394547636843,73.53345279544591,701.6382905920345,85.19946518722543,1174.34343509078,754.0073069625431,1.5574695685928122,0.21118458098448617,145.55977695627405,False,True,False,loading,loading,loading,loading -> loading
2025-04-14,6,20.66544055175781,776.4015329003335,140.9779764885009,192.0,0.524666499918446,148.27260838747026,407.1825845283469,903.2594219505788,1644.6224638879298,81.2428287885178,0.3286743208082539,46.11939121677536,1154.4010553965966,141.19598634038812,100.68077155997356,119.45988350113225,7.832599949497587,1584.8925221373634,933.5284703142114,1.6977441744266384,0.19097413143117015,127.0957663680231,False,True,False,loading,loading,loading,loading -> loading
2025-04-21,4,15.430500411987303,494.791249370575,137.80499341080724,194.0,0.5021630738355124,62.35002913673719,247.4859030360452,620.5789687037468,932.3291143874328,60.61046960369527,0.3332367001483828,45.3980930153423,1231.4096121142309,141.10987889354482,107.13059555590152,-712.293349500497,-43.31044754287359,1288.4757891376812,1008.7074815650782,1.2773532591812677,0.12601279674216712,113.0572679577641,False,False,False,mixed,mixed,loading,loading -> mixed
2025-04-28,9,19.362420516967774,794.0817902247111,130.84830248653623,197.0,0.4528248403300442,59.266608864068985,396.6039901865056,794.0807309905688,1090.4137753109137,54.45732449016959,0.3338936804098636,46.54973042121377,1298.1319834932683,138.47672276466545,100.66391444305576,158.0846609234809,16.955885908094494,1011.371444849173,1106.7245185474555,0.9138420879809993,0.07463539599276994,82.39053876319308,False,False,False,mixed,mixed,mixed,mixed -> mixed
2025-05-05,4,8.001000213623046,352.3815893173217,127.13055272457188,183.0,0.4264578207416445,23.78335368235906,154.54362673273002,352.3815893173217,471.2983577291171,61.847250035615104,0.4358399241259982,55.22831793912687,1034.6659278288485,134.19045627760408,73.41815001765886,-619.1154175817967,-56.77802606678056,780.8560665200151,1081.225096916159,0.7221956544915131,0.06749317899506381,80.24795369851915,False,False,True,recovery,recovery,mixed,mixed -> recovery
2025-05-12,5,15.476220413208008,542.0603943506876,141.90222101093136,191.0,0.5312214256094424,83.41664060354233,286.0905846687403,542.0603943506876,959.1435973683994,63.07879203685911,0.3396215276628072,47.85586401832263,863.2962111989657,134.42151740821168,57.204158071676886,487.8452396392823,103.51091440035862,715.220977548758,1103.8283148450985,0.6479458516600254,0.15388809341708828,106.16642802512649,False,False,False,mixed,mixed,recovery,recovery -> mixed
2025-05-19,3,9.578340255737304,354.0041063328584,145.73839785649062,191.0,0.558428353592132,60.44997854232789,198.0337060351696,473.9756847997506,776.22557751139,78.28100269954939,0.2980778465313747,43.23516787312073,824.2703269799551,136.40486851963252,56.72914542307456,-182.9180198570093,-19.070973351527464,867.6845874398946,979.0054810325305,0.8862918586776156,0.17076067045812393,131.56213110955227,False,False,False,unloading,unloading,mixed,mixed -> unloading
2025-05-26,4,13.03020034790039,500.18196403384206,142.58572993143218,194.0,0.536069006605902,50.64166667461396,268.8447210387283,500.18196403384206,753.3902974069119,57.16245811130783,0.3492021111286812,49.69083280426095,740.0144575039546,139.3392253808565,54.572909875710806,-22.8352801044781,-2.941835565080053,764.8079374591507,830.4667866190275,0.920937417103476,0.10124648691088663,90.373946073266,False,False,True,recovery,recovery,unloading,unloading -> recovery
2025-06-02,5,12.306140090942382,448.2075162013372,134.15431690083238,194.0,0.4762717510697333,47.50000000198682,230.37282340438907,448.2075162013372,685.7075162112712,62.623042527156656,0.3297733129456666,45.285548136656566,793.6167471244931,141.09516642492164,60.50207145561774,-67.6827811956407,-8.983760665434303,719.5489068090914,789.3631869230006,0.9115561996423335,0.10597769623445932,91.79330887033778,False,False,True,recovery,recovery,recovery,recovery -> recovery
2025-06-09,9,20.127780441284177,1071.1829828818638,132.05333951368107,190.0,0.4613712022246884,77.21668544212977,495.2528822765873,1071.1829828818638,1457.2664100925128,80.1046496861163,0.5847455502103152,77.32371142018238,918.1474503055216,138.63294605060906,58.9520826652646,771.5588938812416,112.52011617786013,1071.4869631518918,850.5052927199337,1.2598239803132256,0.07208542954480977,81.62562886344296,False,False,False,loading,loading,recovery,recovery -> loading
2025-06-16,7,25.730560119628905,974.6843669493992,136.62926067683546,197.0,0.4938245438073436,106.98316305478414,485.7874180581039,974.6843669493992,1509.60018222332,61.422662083877626,0.4764377451352169,64.10852730171504,1101.491101483504,136.35566175569528,70.58537879337867,52.33377213080712,3.591228876776542,1483.4332961579162,1023.5555968023009,1.449294303887667,0.1097618538703188,92.92855616109564,False,False,False,loading,loading,loading,loading -> loading
2025-06-23,6,20.543800201416012,739.8150124529998,135.475472338638,192.0,0.485641647791759,64.28333167831103,359.7030431240962,739.8150124529998,1061.2316708445549,53.88231049620668,0.4126202075780225,55.5733521223135,1178.4514448429147,134.57809735749674,73.99579504430292,-448.3685113787651,-29.701143167485156,1285.4159265339372,1040.5702757149934,1.2352994858042685,0.08689108844272733,86.0673265328182,False,False,False,mixed,mixed,loading,loading -> mixed
2025-06-30,5,14.872700271606444,562.3847747822603,139.70932775471903,188.0,0.51566899116822,63.36649822791417,289.9260556897878,562.3847747822603,879.2172659218311,62.10849051195795,0.4501078128081344,62.60885236883278,1226.8288822705547,135.96685007096838,77.96241960078477,-182.01440492272377,-17.151241328660326,970.2244683831927,1057.7355571167336,0.9172656264179242,0.11267463322144153,93.80238996643246,False,False,False,unloading,unloading,mixed,mixed -> unloading
2025-07-07,6,19.2,717.8924657265345,137.785355366392,188.0,0.5020237969247661,83.68118686079978,365.30869890726274,717.8924657265345,1136.2984000305337,61.49570865170304,0.3951170892974102,54.391145933896205,1146.5868797550595,137.39985403414613,79.57854495545227,257.0811341087026,29.23977315654298,1007.7578329761822,1121.5535742206705,0.8985374003880634,0.11656507186784755,94.9695215603543,False,False,False,mixed,mixed,unloading,unloading -> mixed
2025-07-14,3,6.6000000000000005,348.9016900002957,129.64243217730825,193.0,0.4442725686333919,24.899999990065893,157.59307432030332,348.9016900002957,473.4016899506252,83.44527472358901,0.548884675636684,70.79180452553197,887.537256686886,135.6531469092643,59.05775418927272,-662.8967100799084,-58.33825956826971,804.8500449905792,1086.1692698438962,0.740998725830507,0.0713668081975894,81.41004245927682,False,False,True,recovery,recovery,mixed,mixed -> recovery
2025-07-21,3,6.497580093383788,284.24999561508497,126.45291232810554,176.0,0.4216518604830181,47.69999999602636,118.8500511808287,284.24999561508497,522.7499955952168,81.37598151716689,0.5791701702119165,72.44603960979514,752.9168378745517,133.3975069066312,54.91192126870155,49.34830564459156,10.424192961740065,498.07584277292074,930.416534094347,0.5353256574032619,0.1678100289599264,110.34300868797793,False,False,True,recovery,recovery,recovery,recovery -> recovery
2025-08-04,1,3.55,148.8873666505019,126.12947976878613,175.0,0.4193580125445824,13.983333333333333,62.43711017155102,148.8873666505019,218.80403331716852,61.63493896258269,0.468781938829377,59.127222069552246,587.813529723386,130.00254491014798,42.56613004505633,-303.9459622780482,-58.143656592855145,370.7770144561924,715.2838426099884,0.5183634696727801,0.09391887067327748,88.17566120198323,False,False,True,recovery,recovery,recovery,recovery -> recovery
2025-08-11,3,8.092440216064453,377.671356968085,139.89629384347666,190.0,0.5169949917977067,47.89999999403953,194.0064775617741,377.671356968085,617.1713569382827,76.07718974347488,0.4857437343009471,67.09919702357465,458.0317689503233,130.53027952941915,33.620833328366274,398.3673236211141,182.06580453828232,417.9876951277254,641.2737902922763,0.6518084809566553,0.12682984587069787,98.04895376120936,False,False,True,recovery,recovery,recovery,recovery -> recovery
2025-08-18,4,6.743700180053709,275.6226408998172,149.61867571817427,193.0,0.5859480547388247,53.4164356470108,152.09184751488883,334.0159896016121,601.0981678366661,90.54465346851596,0.3931045265613162,57.42388014560348,489.9558884218335,135.52434041463565,40.7499422426025,-16.07318910161655,-2.6043316691419127,609.1347623874742,594.9206072780821,1.023892524373001,0.19380278584017524,130.8524218201259,False,False,True,recovery,recovery,recovery,recovery -> recovery
2025-08-25,4,10.97280029296875,413.1008334259192,141.15539550584393,189.0,0.525924790821588,129.66455155213674,213.67537997026452,413.1008334259192,1061.423591186603,105.12671066010267,0.3890289130281717,54.54833158445653,624.6242873196801,139.19996120907024,61.2410801316301,460.32542334993695,76.58073971621542,831.2608795116344,582.4414724707605,1.4272007039357333,0.313881118265498,154.16433547964942,True,False,False,loading,loading + intensity,recovery,recovery -> loading
2025-09-01,4,12.115800323486328,598.8991288006305,143.59711492699347,198.0,0.543241949836833,190.1559813896815,321.1640443550702,716.7773467183113,1667.557253666719,206.1923437082237,0.6665525698321142,93.68838693909072,986.8125924070677,143.56686999862208,105.28424214571714,606.1336624801158,57.1057273941403,1364.4904224266606,781.467399756776,1.7460618611235028,0.31750919686674506,167.06224873022026,True,True,False,loading,loading + intensity,loading,loading -> loading
2025-09-08,7,16.870380386352537,678.8655254681905,136.73988540236817,173.6028678304239,0.494609116328852,399.9663369913896,341.8747282557417,678.8655254681905,2678.6972104251386,191.0263717971785,0.4804570867770202,64.83134565845516,1502.1940557787816,142.77776788834495,193.30082639505463,1011.1399567584197,60.635996427413104,2173.1272320459284,1140.791935561763,1.904928641501844,0.5891687263328719,236.75061789986157,True,True,False,loading,loading + intensity,loading,loading -> loading
2025-09-15,6,17.625060470581055,651.8829876164596,143.1357035032859,176.17898627243932,0.5399695283920987,274.1490377585093,351.4368017597459,762.9727338989576,2133.717922691504,124.10272848928544,0.3354002212207161,47.83296874412171,1885.348994492491,141.15702483462286,248.4839769229293,-544.9792877336345,-20.34493803975479,2406.2075665583216,1459.9442504574854,1.6481503083452103,0.4205494589771485,196.38965549567865,True,True,False,mixed,mixed + intensity,loading,loading -> mixed
2025-09-22,4,12.664440338134764,447.4357540647189,145.94795488426558,178.50673575043055,0.5599145736472736,163.3518521090349,246.93962704963477,447.4357540647189,1264.1950146098932,107.5911304450529,0.3495953902320298,50.887238426509285,1936.0418503483136,142.35516467922827,256.9058020621538,-869.5229080816109,-40.751539781077604,1698.9564686506983,1567.7815267360872,1.0836691462921495,0.3650844855938961,169.5253456781688,True,False,False,mixed,mixed + intensity,mixed,mixed -> mixed
2025-09-29,5,13.03020034790039,483.3761160155137,135.2472580656623,163.9376074718067,0.4840231068486688,198.26641966501876,236.27368892863103,483.3761160155137,1474.7082143406074,113.38917173544382,0.3551018523169216,47.96248022997999,1887.8295905167856,140.2677004638955,258.9334116309881,210.51319973071418,16.65195616956887,1369.4516144752502,1713.3832011534107,0.7992675623020971,0.4101700789425341,183.05102368276022,True,False,False,mixed,mixed + intensity,mixed,mixed -> mixed
2025-10-06,3,10.469880279541016,303.96360663374264,142.44137358591493,163.78564102564098,0.5350452027369855,210.98320424159368,162.8718004971622,303.96360663374264,1358.879627841711,133.80622408034262,0.3490995817029169,49.51412998627135,1557.875194870929,141.69307250978218,211.68762844353915,-115.82858649889636,-7.854339276918399,1416.793921091159,1762.9592072625953,0.803645322736118,0.6941067931721688,268.2320379516506,True,False,False,unloading,unloading + intensity,mixed,mixed -> unloading
2025-10-13,6,22.471380599975586,753.8731965819994,142.0828374786322,183.0503913903657,0.5325023934654766,330.03924928108853,399.83069751395846,882.3195382475852,2532.515784653028,111.05018131122928,0.370998159038778,52.31913227107146,1657.5746603613095,141.42985600361877,225.66018132418395,1173.6361568113168,86.36792639796846,1945.697706247369,1907.1189624269803,1.0202288082602324,0.43779146251313883,201.56035228220748,True,True,False,mixed,mixed + intensity,unloading,unloading -> mixed
2025-10-20,4,14.19606037902832,458.9367760002613,135.55596104395457,166.75231719882558,0.4862124896734366,248.51640468438467,222.7132671655228,458.9367760002613,1701.5187994221849,122.18201286548586,0.3504350024876889,47.32892064888365,1766.9056065643829,138.831857543541,246.95131946802135,-830.9969852308429,-32.813101907070454,2117.0172920376062,1744.2558939264882,1.2137079767992047,0.5415046639980823,222.45139919942474,True,True,False,mixed,mixed + intensity,mixed,mixed -> mixed
2025-10-27,4,13.89888037109375,415.3610615670681,148.28638613658882,181.34610519271385,0.5764991924580768,229.0871150414149,237.4416464544873,491.22204569975537,1636.6576209068298,118.6578618173036,0.3187966295486374,47.05252872510717,1807.3929582059384,142.09163956127264,254.65649331212043,-64.86117851535505,-3.811957795434362,1669.088210164507,1661.412510295709,1.00461998439354,0.5515372918614914,236.419506643026,True,True,False,holding,holding + intensity,mixed,mixed -> holding
2025-11-03,3,10.904220291137694,409.409400866429,143.71002032265713,167.79976580614783,0.5440426973238095,267.3999157289664,220.6990480798103,529.7570580323537,1866.7566366771855,171.51757316225147,0.3905528609129953,55.78093713459117,1934.3622104148071,142.4088012454582,268.7606711839636,230.09901577035566,14.059080703932668,1751.707128792007,1761.8394473069245,0.9942490114349493,0.6531357491134073,273.57798322069607,True,True,False,mixed,mixed + intensity,holding,holding -> mixed
2025-11-10,6,13.716000366210936,486.463270932436,134.0409863070514,174.78730823197293,0.4754679879932724,268.9663771271706,248.14056743657784,579.7250581145287,1924.5569437503812,166.70774757305725,0.3922589613304582,51.54328145101132,1782.3725001891455,140.398338452563,253.4924531454841,57.800307073195654,3.096295785833103,1895.6567902137829,1836.8142355418868,1.0320351146748037,0.5529017157073856,237.37335072324663,True,True,False,holding,holding + intensity,mixed,mixed -> holding
2025-11-17,4,14.721840393066406,493.6274494012197,145.5526973665321,174.5537056928034,0.5571113288406532,330.9770509501298,275.4044393191797,742.3050185183685,2397.1902732690173,160.69718468623708,0.3089182703830112,44.53714154645464,1956.2903686508532,142.89752253320736,274.1076147119204,472.6333295186362,24.558033008761825,2160.873608509699,2009.866009779771,1.0751331670843443,0.6704996882803252,291.3764552003977,True,True,False,loading,loading + intensity,holding,holding -> loading
2025-11-24,4,14.76756039428711,690.1592619121075,137.15941088237224,182.9761167031932,0.4975844743430655,233.54982942938804,306.49159363481806,797.5787337581316,1965.327880905072,136.48146002992416,0.6387058414325005,79.56451947073728,2038.457933650414,140.11577871965324,275.2232933089137,-431.8623923639452,-18.01535727804452,2181.2590770870443,1915.3346924884452,1.1388396428266563,0.3383999061062095,170.85863997188744,True,True,False,mixed,mixed + intensity,loading,loading -> mixed
2025-12-01,6,20.939760559082032,771.3254651844502,137.5585878600898,157.6417910447126,0.5004155167382255,438.2475994984309,386.7790089914808,771.3254651844502,2962.563462676605,141.54067849251035,0.3716262326317898,51.0777584580598,2312.4096401502684,138.5779206040114,317.93521425127983,997.2355817715329,50.74143563832649,2463.945671790838,2125.5088030308484,1.159226284208938,0.568174680183327,230.4524040549981,True,True,False,loading,loading + intensity,mixed,mixed -> loading
2025-12-08,6,20.80260055541992,773.4363039175669,139.74941426720576,167.93248945129665,0.5159532926752181,329.00792498985925,398.6320857766798,773.4363039175669,2418.475928866864,114.29455059146456,0.4085667983360666,56.83347124468585,2435.889386429389,140.00502759404998,332.945601216952,-544.0875338097412,-18.365430501805058,2690.5196957717335,2255.8118543575206,1.1927057172673747,0.42538464166135787,187.6153924984074,True,True,False,mixed,mixed + intensity,loading,loading -> mixed
2025-12-15,3,8.709660232543945,366.7488475998243,141.51441986431738,160.04388489217197,0.5284710628674992,245.4497356414795,193.95269060245863,366.7488475998243,1593.9975258072218,183.36761376779484,0.3999641451220066,56.73312786119603,2235.0911995639403,138.9954582184963,311.5637723897894,-824.478403059642,-34.09082526804133,2006.236727337042,2210.35200254586,0.9076548554376316,0.6692583691750286,260.7775107525086,True,True,False,unloading,unloading + intensity,mixed,mixed -> unloading
2025-12-22,3,10.929600219726565,376.0500171502432,139.615307616218,171.9635307549407,0.5150021816753049,131.01686632037163,193.3716324620379,376.0500171502432,1031.1343487521012,95.76366188435443,0.3664539860362614,51.15837552934789,2001.5428165256976,139.60943240195775,285.9305316125353,-562.8631770551206,-35.311420999231416,1312.5659372796608,2061.4482367128135,0.6367202988189892,0.3484027665075906,164.52082995227715,True,False,False,unloading,unloading + intensity,unloading,unloading -> unloading
2025-12-29,5,18.17370048522949,714.1116822838783,139.90894883022355,171.1815709606047,0.5170847434767627,296.1847932855288,369.0166058240949,714.1116822838783,2195.0356487115223,121.41764339588552,0.3616575214405775,50.39181674206159,1809.6608630344272,140.19702264449117,250.41483005930976,1163.901299959421,112.87581500587164,1613.084998731811,2027.755799286564,0.7955025941976599,0.4147597646607153,184.42792939821456,True,True,False,mixed,mixed + intensity,unloading,unloading -> mixed
2026-01-05,6,16.939260452270506,785.5320434808731,133.37768974308582,168.92979452054797,0.470763757043162,342.1390227675438,369.3456992224784,785.5320434808731,2496.227157318592,148.80011792872804,0.4197022979516343,55.69451778484944,1829.0986701473596,138.6040915134612,253.6976045037309,301.19150860706986,13.72148597148608,2345.6314030150565,2116.239012022151,1.1083962584990397,0.43555068899729044,190.66520669918714,True,True,False,loading,loading + intensity,mixed,mixed -> loading
2026-01-12,3,4.526280120849608,223.8196153819561,144.0430828066611,181.1024774774776,0.5464048426004333,100.23325440088908,102.3700838961204,261.6791226486365,762.8453946530818,166.93788504494077,0.485303070746102,64.43855078934808,1621.3106373588244,139.23625724904713,217.3934841935833,-1733.3817626655105,-69.44006508315861,1629.5362759858363,1749.6193340182306,0.9313661802326979,0.4478305184728223,204.4982679515178,True,False,False,unloading,unloading + intensity,loading,loading -> unloading
2026-01-19,3,9.761220260620115,331.2459985991319,140.86568269596813,165.6917293233083,0.5238700900423271,192.0498770316442,172.42029299324423,331.2459985991319,1291.4953837573528,137.66140672143948,0.3449797970921429,48.53707861837834,1686.4008961101372,139.54885101898464,232.65173687140145,528.649989104271,69.29975494506124,1027.1703892052167,1561.7892431666453,0.6576882211856905,0.5797802172519512,233.93406517558532,True,False,False,mixed,mixed + intensity,unloading,unloading -> mixed
2026-01-26,4,13.418820358276369,497.8366745332877,139.02884999526464,165.98048780487807,0.5108429077678344,325.84121608336767,252.30003778763785,497.8366745332877,2127.042754950126,159.81115883534534,0.3687826970689044,50.73972239077744,1669.4026726697882,139.32882631024492,240.06584257086115,835.5473711927732,64.69611751626334,1709.2690693537388,1650.6301146904627,1.0355251937677585,0.6545142870175998,256.3542861052799,True,True,False,mixed,mixed + intensity,mixed,mixed -> mixed
2026-02-02,4,10.83564028930664,472.57888378302255,135.53828141560962,162.80492844573783,0.4860871022383661,274.278861451149,228.11187441228796,472.57888378302255,1843.9731910387677,172.84191142006694,0.3866282453082963,52.30949225948808,1506.339181099832,139.86897422837586,223.10080224176244,-283.0695639113583,-13.308127598873565,1985.5079729944462,1786.1032550715736,1.1116423237887678,0.5803874672848903,234.11624018546715,True,True,False,mixed,mixed + intensity,mixed,mixed -> mixed
2026-02-09,6,19.61388052368164,754.6870118816694,143.7106912498672,172.37345679012344,0.544047455672817,353.3164051651955,404.9735129213595,866.35074553291,2632.9327713588877,134.27963146983052,0.3447328956102038,49.160135365222686,1973.8610252762835,139.7858763391774,286.371589932839,788.95958032012,42.78584873978968,2238.452981198827,1859.086108846135,1.2040609472296853,0.4681628272418096,209.32646752148293,True,True,False,loading,loading + intensity,mixed,mixed -> loading
2026-02-16,6,19.0652405090332,776.7901444812616,141.4427767088638,199.0,0.5279629553820127,123.01633018652598,412.0175437085784,922.521769464016,1537.6034203966458,79.35963663785552,0.341753671754557,48.33791030864664,2035.3880344361064,139.9301498424013,269.1132032215595,-1095.329350962242,-41.601113514073106,2085.268095877766,1699.3154860258103,1.2271223990046622,0.15836494716172791,118.7659316730997,False,True,False,mixed,mixed,loading,loading -> mixed
2026-02-23,3,6.080760162353515,228.42462097803752,128.68108412557248,192.0,0.4374544973444857,15.86638811826706,109.79208898029825,228.42462097803752,307.7565615693728,52.81596569877676,0.4561293101716168,57.55121972274896,1580.5664860909185,137.34320837497827,191.61949623028437,-1229.846858827273,-79.9846594065209,922.6799909830086,1623.4673471785256,0.5683391123243487,0.06946006104916587,80.83801831474976,False,False,True,recovery,recovery,mixed,mixed -> recovery
2026-03-02,6,20.482560546875,866.7692855854829,140.2918043371058,196.0,0.5198000307596157,120.91663065751392,438.2527210863676,991.0313576857249,1595.6145109732945,79.40761371128245,0.3491254654812838,48.26193200818005,1518.4768160745502,138.5315891053523,153.27893853187558,1287.8579494039218,418.466447258386,951.685536271333,1674.1538683811823,0.5684576276083645,0.13950267120487259,110.45254169767864,False,True,False,mixed,mixed,recovery,recovery -> mixed
2026-03-09,5,17.452660263061524,767.7836181660493,144.0276976978016,198.0,0.546295728353203,90.13329365253448,409.0689349823655,879.8782854000727,1330.5447536627453,79.16718402925314,0.4022395896963034,57.79346234994637,1192.8798116505145,138.61084071733592,87.48316065371034,-265.0697573105492,-16.612393249598966,1463.0796323180193,1541.4042014999523,0.9491862231167434,0.11739413490981943,103.9781044175642,False,False,False,unloading,unloading,mixed,mixed -> unloading
2026-03-16,4,12.91590034484863,497.09142515063286,139.2115986432105,194.0,0.512138997469578,56.74965850512187,253.66557636118512,497.09142515063286,780.8397176762422,60.51426623196009,0.3555931414965068,49.13648594660064,1003.6888859704138,138.0530462009226,70.9164927333593,-549.705035986503,-41.314283827978436,1055.6922356694931,1364.2152892728648,0.7738457734425361,0.11416342273038628,94.2490268191159,False,False,False,unloading,unloading,unloading,unloading -> unloading
2026-03-23,7,17.755180191040036,737.2059417009353,136.67188725169362,193.0,0.4941268599410895,114.366688199838,373.561737368036,737.2059417009353,1309.039382700125,84.75915292514455,0.4988893049301218,68.21670774439872,1254.009591253102,140.0507469824529,95.54156775375203,528.1996650238829,67.64508170713842,1044.939550188183,1143.5663911630709,0.9137550371040732,0.15513533156822207,106.5405994704666,False,False,False,mixed,mixed,unloading,unloading -> mixed
2026-03-30,4,9.87084017944336,372.3137745698293,148.07769469099972,200.0,0.5750191112836859,73.86672892173132,211.13266322132029,463.79963428775466,833.1332788964113,84.74674661756006,0.3184897086833953,46.94541109737056,1063.389283233881,141.99721957092638,83.7790923198064,-475.9061038037138,-36.3553694482494,1071.0863307982675,1026.154700913032,1.0437864094422187,0.19839912989272773,134.2630870736403,False,False,False,mixed,mixed,mixed,mixed -> mixed
2026-04-06,5,11.18282029724121,520.0808270176252,136.5341964298728,189.0,0.4931503292898777,83.699922366937,266.88068333425804,520.0808270176252,938.5804388523102,103.93343612413246,0.3470908599146893,47.00343980557145,965.3982045312724,140.12384425394416,82.17074949840702,105.44715995589888,12.656697628928804,885.8568588743601,1131.2920137935214,0.7830488044407277,0.16093637376888048,108.28091213066413,False,False,False,mixed,mixed,mixed,mixed -> mixed
2026-04-13,3,9.132120147705075,355.4496516525745,148.64783441148722,195.0,0.5790626554006185,70.38329773346584,203.52479423929816,355.4496516525745,707.3661403199037,72.7514828940728,0.349530381257398,51.76293065989187,947.0298101921876,142.48290319601332,85.57915930549301,-231.21429853240647,-24.6344680712858,822.9732895861063,983.2506186846231,0.8369923943572665,0.19801200368670005,119.40360110601002,False,False,True,recovery,recovery,mixed,mixed -> recovery
2026-04-20,4,16.350300064086916,453.1045954008897,126.43801847784806,190.0,0.4215462303393479,26.83329043388367,189.1971695579093,453.1045954008897,587.271047570308,40.15472815743072,0.3570304955642905,43.98974080571338,766.5877264097332,139.92443600255194,63.69580986400442,-120.09509274959566,-16.977783626352693,647.3185939451052,859.3716676692169,0.7532463755766573,0.05922096289962055,77.76628886988617,False,False,True,recovery,recovery,recovery,recovery -> recovery
2026-04-27,5,14.264640380859374,620.7128502686818,142.65075867372457,194.0,0.5365302033597487,89.8664926012357,332.56912527853456,620.7128502686818,1070.0453132748603,75.39064722420224,0.3639017360561413,51.7065761477426,825.8157350043455,138.56770199823316,67.69575078388053,482.77426570455225,82.20637943959848,828.6581804225835,907.5726002689863,0.9130489177141156,0.14477949435449272,103.43384830634781,False,False,False,mixed,mixed,recovery,recovery -> mixed
2026-05-04,5,9.05256024169922,430.77893051703774,132.338564994901,193.0,0.4633940779780213,32.016666666666666,202.39383015259708,430.77893051703774,590.862263850371,67.23260064971272,0.4382769618543489,56.8812537617546,738.8861912538607,137.5187941394902,54.774936858812936,-479.18304942448924,-44.78156611498587,830.453788562615,787.8764137940274,1.0540406769680486,0.07432273121677285,82.29681936503187,False,False,True,recovery,recovery,mixed,mixed -> recovery
2026-05-11,4,10.721340286254884,465.35653918385503,137.29525291019942,191.0,0.4985478929801377,54.22916663487752,231.68406067560173,465.35653918385503,736.5023723582427,69.99634746341926,0.3473223654633969,47.6709638406834,746.1702492634456,134.68064876416827,50.73640408416586,145.64010850787167,24.648740902626564,663.6823181043062,771.7712627043326,0.8599469171457923,0.11653251231837194,94.9597536955116,False,False,True,recovery,recovery,recovery,recovery -> recovery
2026-05-18,2,4.389120117187499,315.93811463117595,107.95533076918731,163.0,0.2904633387885626,17.283333333333335,91.75543022868167,315.93811463117595,402.3547812978427,100.74274813019088,0.7311926639438204,78.84576579520865,699.9411826953292,130.0599768370031,48.34891480902828,-334.14759106040003,-45.369519990882935,569.428576828042,682.4003197785881,0.8344494577798541,0.05470480620392947,76.41144186117886,False,False,True,recovery,recovery,recovery,recovery -> recovery
2026-05-25,4,10.149840270996092,499.6550249477227,133.79303054986696,195.0,0.4737094365238791,65.149751329422,253.0657036480456,499.6550249477227,825.4037815948327,182.150489675118,0.350774547346266,47.32722336730596,638.7807997753223,127.84554480603867,42.16972949107485,423.04900029699,105.14327652138138,613.879281446337,702.0732599910763,0.8743806614343064,0.13038946488377337,99.11683946513202,False,False,False,mixed,mixed,recovery,recovery -> mixed
2026-06-01,8,23.565900344848632,1129.5784115036329,140.58707170913144,201.0,0.5218941255966768,111.73328831593196,589.7226861561563,1129.5784115036329,1688.2448530832926,76.45077044156552,0.4847277194935196,68.2445635708119,913.1264470835526,129.90767148459628,62.09888490339117,862.8410714884599,104.53563343522502,1256.824317339062,885.5688942432404,1.4192281656562435,0.09891592046912327,89.67477614073698,False,True,False,loading,loading,mixed,mixed -> loading
2026-06-08,5,19.084640075683595,902.0442905465762,131.6648569249507,190.0,0.4586160065599342,81.01654079755147,385.7281149394378,902.0442905465762,1307.1269945343336,69.0643611241434,0.565231136486225,71.42261220880546,1055.7826026275754,128.5000724882841,68.79572844405966,-381.117858548959,-22.57479759840002,1497.6859238088123,925.082507786486,1.6189755088899447,0.08981437125272537,86.94431137581762,False,False,False,mixed,mixed,loading,loading -> mixed
2026-06-15,4,15.888920074462892,561.3785140852133,140.9903506955264,188.0,0.5247542602519601,80.39998749891917,294.50894994067613,561.3785140852133,963.3784515798092,62.264897056863205,0.4172667727008822,59.08228996710056,1196.038520198067,136.7588274698689,84.57489198545613,-343.7485429545244,-26.298021874835918,1135.2527230570706,987.1685390747256,1.1500090188461076,0.14321885409158183,102.96565622747455,False,False,False,mixed,mixed,mixed,mixed -> mixed
