week_start,sessions,total_distance_km,total_duration_min,mean_avg_hr,max_hr,mean_hrr_intensity,mean_sample_zone_depth,mean_active_zone_depth,total_active_zone_minutes,mean_active_zone_share,total_near_max_min,total_simple_hr_load,total_zone_weighted_load,total_combined_load,mean_load_per_km,mean_hr_efficiency_proxy,mean_pace_50_s,load_4w_avg,hr_4w_avg,near_max_4w_avg
2024-05-27,2,4.68630012512207,270.7860826333364,141.03388850335415,195.0,0.5250630390308806,1.0052214620093625,2.16,1.25,0.004501260352898812,26.98319473663966,142.4909370047303,272.2826818674506,407.1986555506489,91.79467186563878,0.49447681188067283,70.22280113575944,407.1986555506489,141.03388850335415,26.98319473663966
2024-06-03,5,11.978640319824217,446.2467243393262,143.94129121536844,193.0,0.5456829164210527,1.0080416555762577,2.0,3.7333333333333334,0.008041655576257653,92.74984470804533,242.61703002222256,447.75776596242014,911.5069895026468,74.98245666056309,0.32843663120084676,47.29968939868169,659.3528225266479,142.4875898593613,59.866519722342495
2024-06-10,6,22.821800079345703,847.5358479897181,140.42011590029998,208.0,0.520710041846099,1.0286574185138782,2.608341579690933,13.966666666666669,0.016819705303425424,117.32080900669098,442.3675354703368,871.9942893374302,1458.5983343708851,90.81107230522595,0.414918337484727,57.88438572635602,925.7679931413936,141.79843187300753,79.017949483792
2024-06-17,6,25.045920043945312,902.4131684184074,142.2464291844971,198.0,0.5336626183297667,1.0059016489478678,2.0289017341040463,5.016666666666667,0.005535750667589785,97.1748450756073,482.66131553611,907.9034698570644,1393.7776952351007,62.06732566174417,0.33373292173310265,47.10450298014592,1042.7704186648205,141.9104312008799,83.55717338174581
2024-06-24,7,28.317520080566403,1079.477999917666,139.42911890205684,200.0,0.5136816943408288,1.0084447839137052,2.114537560159029,7.366666666666667,0.007405744035523025,135.5893369078636,556.8773266102557,1088.0146456558634,1765.9613301951815,85.73216610076723,0.4118846250267908,56.918021558122234,1382.4610873259535,141.50923880055558,110.70870892455181
2024-07-01,5,23.6,719.8056507349014,146.85647466537174,205.0,0.5663579763501541,1.0419728609989005,2.106311128069504,25.383333333333333,0.035609505794069865,85.68332825303078,406.20171504214284,750.0273073735209,1178.443948638675,50.69568273410132,0.28316187503492374,41.68968744041801,1449.1953271099605,142.2380346630564,108.94207981079816
2024-07-08,3,10.74456005859375,395.0008215506872,148.51352479320872,200.0,0.5781101049163739,1.0220930525416554,2.0480668756530824,8.316666666666666,0.020335650440413744,54.233320605754855,228.57671033568073,404.1846057610036,675.3512087897777,70.89421150512607,0.3071212406092331,45.43480854612539,1253.3835457146838,144.26138688628362,93.17020771056414
2024-07-15,3,10.40130027770996,414.74056890209516,137.66327381488034,187.0,0.5011579703183004,1.0000851643672288,2.0,0.03333333333333333,8.51643672287515e-05,39.28325183590253,207.8198684765446,414.7745094605949,611.1907686401075,58.94392941212826,0.39184376635658946,53.86903023301043,1057.7368140659355,143.1155980438794,78.69730940063795
2024-07-22,5,14.424660385131835,682.9032264490922,137.28123493414188,191.0,0.498448474710226,1.0022677850264057,2.0,1.2166666666666666,0.002267785026405716,71.84997036059697,338.707047161716,684.1375788961269,1043.3874306991117,75.54215614526876,0.4342910915398967,59.206822558193345,877.093339191918,142.57862705190067,62.762467763821284
2024-07-29,2,0.6446759185791,95.07747419675192,115.41152398334569,174.0,0.3433441417258559,1.0,,0.0,0.0,4.075,33.35243151326944,95.07747419675192,115.45247419675192,184.01385157632285,4.066514179125967,454.12082513252386,611.3454705814372,134.71738938139416,42.36038570056358
2024-08-05,7,6.338447875976562,502.5306140681108,107.94815493500941,170.0,0.29041244634758456,1.0,,0.0,0.0,22.46666667064031,134.17863171875723,502.5306140681108,614.8639474213123,98.77035325735164,2.2351546067681407,236.1021858603695,596.2236552393209,124.57604691684433,34.41872221678496
2024-08-12,5,8.979870529174804,459.7196959177653,133.2703452553303,198.0,0.4700024486193639,1.0267282446569632,2.1110547865080913,13.75,0.022442693810696173,60.94986568291982,246.14654762186575,476.24622350210143,780.9955519167006,82.97651370615048,0.733753590723947,91.40839684896369,638.6748510584691,123.47781477695682,39.83537567853928
2024-08-19,4,10.67562028503418,519.1172305504481,140.50725740837714,192.0,0.5213280667260789,1.0142621639400793,2.0,6.2,0.014262163940079266,83.93330446481704,268.3547313845671,525.5675974291227,945.234119753208,89.15392880561083,0.3954652347054425,55.24906063619935,614.1365233219932,124.28432039551565,42.85620920459429
2024-08-26,5,16.253460433959958,593.0310597141583,152.08660175777575,196.0,0.6034510762962819,1.0122319711579986,2.026,6.366666666666667,0.011792113265932932,129.74972523053486,354.3130103858477,599.8602279242414,1248.6088540769156,76.93553184451761,0.3207888782232861,48.53736679217036,897.4256182920341,133.45308983912315,74.27489051222801
2024-09-02,2,6.560820175170898,267.3458815495173,156.9046775461744,205.0,0.637621826568613,1.03754295840937,2.252450980392157,7.3999999999999995,0.025818427959740074,42.822918421030046,170.1961877216341,278.54624688511853,492.66083899026876,77.28517133122514,0.28752644328243426,45.108597703680815,866.8748411842732,145.6922204919144,79.36395344982544
2024-09-09,5,16.322040435791013,589.8131827692191,149.80220893983983,195.0,0.5872497087931903,1.0092492510611897,2.050268336314848,4.833333333333333,0.008682607731709799,102.6332158823808,342.5278292694712,595.2091042136088,1108.3751836255128,68.39920633323358,0.3299192005339801,49.15099774054503,948.7197491114762,149.8251864130418,89.7847909996907
2024-09-16,4,13.441680358886718,504.8306308329105,145.11139918045092,196.0,0.5539815544712832,1.0437688097438025,2.0676905574516495,15.916666666666668,0.038856326256351964,97.09984072049458,279.52399711952364,526.1930783188012,1011.6922819212741,78.15138694709213,0.37954522701641763,54.82633965731298,965.3342896534928,150.97622185606022,93.07642506361007
2024-09-23,5,17.190720458984377,539.9510209918022,156.47529131471816,202.0,0.6345765341469374,1.0568601390266101,2.0939992846747737,24.05,0.048175883837735516,105.78325126767159,342.94992472509716,570.9360168388313,1099.8522731771893,65.00970792174402,0.30380791622290265,47.47569188868226,928.1451444285613,152.07339424529584,87.08480657289425
2024-09-30,4,10.773903710862008,425.9595507999261,141.8870942033822,204.0,0.5311141432863985,1.0922692855032743,2.48163082437276,19.883333333333336,0.04811781515663384,89.4999923467636,246.98031371832496,470.3471597466776,917.8471214804956,108.1718286269477,0.968930801312633,116.81854846526957,1034.441715051118,148.31899840959778,98.75407505432764
2024-10-07,4,14.561820388793945,516.1443859179815,143.63841278980595,194.0,0.5435348424808933,1.0063296725412452,2.0185185185185186,2.766666666666667,0.00610853145323105,82.06642294923464,280.4534905373576,519.1927511156629,929.5248658618361,65.30707585737355,0.4135326867263131,59.35954628822057,989.7291356101987,146.7780493720893,93.6123768210411
2024-10-14,4,12.710160339355467,506.2834190825621,145.09096553167447,198.0,0.5538366349764147,1.0290894724520612,2.0804371068529552,12.583333333333332,0.026888986313482043,49.33333334724109,279.4954801544157,520.8275484760443,767.4942152122496,61.889735608135595,0.37311678717732005,53.915001795402596,928.6796189329426,146.7729409598952,81.67074997772772
2024-10-21,6,19.979640533447267,707.142199454705,146.59188659527163,203.0,0.5644814652146923,1.0119358594688843,2.13265306122449,7.666666666666667,0.01088446232383196,149.23330359657606,399.51407882734065,716.2079592607273,1462.3744772436075,75.07658080319788,0.32558101184826305,47.679206020270605,1019.3101699495472,144.30208978003355,92.53326305995384
2024-10-28,5,19.339560516357423,653.1793548007806,142.46979943698148,200.0,0.5352468045175991,1.053464534440876,2.0581593194122196,23.950000000000003,0.04232709368258224,99.53331437110901,350.699160184011,687.7490198135733,1185.4155916691184,59.63125518650461,0.348382138763745,49.62482008837708,1086.2022874967029,144.44776608843338,95.04159356604019
2024-11-04,5,18.996660507202147,675.7137305676937,142.2665087050806,203.0,0.5338050262771674,1.012593341019873,2.2462406015037595,5.833333333333334,0.009398289700864022,114.43321496645609,360.9499363873555,683.9539981843067,1256.1200730165872,66.68618550050007,0.3411967380233558,48.4013757763543,1167.8510892853906,144.10479006725205,103.13329157034556
2024-11-11,4,10.561320281982422,380.0538542151451,117.88142848188876,189.0,0.3608611949070125,1.000429620371817,2.0,0.18333333333333332,0.0004296203718169036,48.6332171857357,186.9789864738843,380.28103649997064,623.4471224286492,59.0689682183965,0.36703346563405864,51.03747911189949,1131.8393160894907,137.30240580480563,102.95826252996922
2024-11-18,5,20.34540054321289,679.5218054016431,143.74764010830268,201.0,0.5443095043142033,1.0182696058950742,2.277278493938786,8.3,0.013243670337192977,55.649941591421765,371.5070432362896,692.7043246416661,970.9540325987748,48.22362327399226,0.3068035264502896,43.976343755032055,1008.9842049282825,136.59134418306337,79.56242202868066
2024-11-25,4,12.664440338134765,509.3504461586475,139.96910501717383,192.0,0.5175113831005236,1.0024440308299272,2.0,0.8,0.002444030829927201,48.13333334128062,256.04739592245704,510.25420658617554,750.9208732925787,60.53731243212126,0.36896842314023803,50.94382364507593,900.3605253341475,135.96617057811147,66.71242677122355
2024-12-02,4,6.172200164794921,352.5928131679694,126.8801791509632,198.0,0.42468212163803687,1.0095580071912946,2.090452261306533,3.7,0.008198490574980413,63.14997762044271,151.7960185704999,357.30363246692235,673.0535205691359,81.07235413672413,0.3337719764846632,44.24281588975605,754.5938872222846,132.11958818958212,53.8916174347202
2024-12-09,3,8.686800231933592,258.57678591807684,151.92664561630474,194.0,0.6023166355766293,1.0122865045744474,2.0290322580645164,3.5,0.011780517055472908,58.76669134100278,158.1313320400199,262.7314961345628,556.5649528395767,65.79926258890715,0.3270167663516923,49.687721539656486,737.8733448250165,140.63089247318612,56.42498597353697
2024-12-16,5,22.128480590820313,664.8837490558624,150.64833867833832,196.0,0.5932506289243853,1.0130180076021442,2.0316666666666667,7.166666666666667,0.011954921855886154,104.04999999602636,393.98234637529777,673.899066420988,1194.1490664011199,53.856661635027976,0.31726665686665356,47.76071248764349,793.6721032756027,142.35606711569503,68.52500057468812
2024-12-23,3,15.133320404052734,396.7181224147479,149.44962549885,199.00000000000003,0.5847491170131206,1.0514452187641778,2.2098837209302324,14.566666666666666,0.036431702440617886,81.33323511282603,232.3528126387314,417.87491817279283,824.541093736923,53.854971783421,0.3194309983491165,47.49651951993064,812.0771583866889,144.72619723611405,76.82497601757447
2024-12-30,6,28.552140762329103,891.0586004177729,147.15802903154557,194.0,0.5684966597981954,1.0037075249319123,2.007518796992481,2.8833333333333337,0.0036242436493805256,211.8665539820989,507.979792919485,894.1554519856381,1953.4882218961327,68.4492898128065,0.34092315343038454,50.02721978911273,1132.185833718438,149.79565970625964,114.00412010798853
2025-01-06,4,16.024860427856442,495.6696750322978,150.30921011261256,206.0,0.5908454617915784,1.068277553994748,2.185649935649936,18.983333333333334,0.044985127061113156,93.11638272603354,293.05340657152584,528.9069847222313,994.488898352399,62.44313084104908,0.3314508775327544,49.44130725560312,1241.6668200966435,149.3913008303366,122.59154295424621
2025-01-13,4,16.253460433959958,523.7306496322155,144.60678440246537,193.0,0.5504027262586196,1.0156771459525766,2.0,7.366666666666667,0.01567714595257656,91.54987700184186,287.8485019322197,531.9593556684408,989.7087406776501,61.413497598246146,0.32425185301135245,46.91899946878957,1190.556738665776,147.8809122613684,119.46651220570008
2025-01-20,7,18.831620040893554,692.2948616325855,143.7310942178872,202.0,0.544192157573668,1.0073816192048615,2.124203821656051,4.433333333333334,0.005759896436289613,97.26868598858515,352.01988195477264,698.5124046575152,1184.8558346004409,82.51951469215801,0.36769837828615454,53.32989414173862,1280.6354238816557,146.45127944112767,123.45037492463987
2025-01-27,5,16.093440429687497,546.1657298823197,136.8911030023624,195.0,0.49568158157703834,1.0188140882746322,2.1066433566433567,9.533333333333333,0.017001040273443305,69.76653009255728,268.6630898696302,558.0618216772255,906.8944721400118,58.40934706998202,0.3357302563840398,45.753589137061546,1018.9869864426253,143.8845479338319,87.92536895225446
2025-02-03,1,0.0,120.16042175094286,,,,,,0.0,,0.0,0.0,0.0,0.0,,,,770.3647618545256,141.74299387423832,64.64627327074608
2025-02-10,6,22.014180587768553,800.5974978824456,132.06857828734232,194.0,0.4614792786336334,1.0007334847624456,2.107142857142857,0.4666666666666667,0.0006625023660798788,81.64583331545194,367.7069222013392,801.184629682455,1209.4137962597147,59.77514206440919,0.40745715399547416,53.84587679648496,825.2910257500416,137.56359183586397,62.17026234914859
2025-02-17,5,18.49374049377441,667.9854733665784,140.19865104237584,194.0,0.5191393690948641,1.0043761108462586,2.0270270270270268,2.45,0.004225489533342934,73.26663500070572,347.79936224353,671.0739906465661,1037.4071656500946,55.75720293959591,0.33630953861644397,46.86140764841648,788.4288585124551,136.3861107773602,56.169749602178726
2025-02-24,5,16.162020431518556,604.1640813032786,142.19140864745623,195.0,0.5332724017550087,1.0040071621373072,2.0396825396825395,2.3,0.0037899125174940497,72.64999999403953,322.6497795863189,606.7247821150354,969.9747820852332,61.84369959537266,0.35688067529012335,50.71834074473086,804.1989359987605,138.1528793257248,56.890617077549294
2025-03-03,3,9.692640258789062,395.8288171509902,135.97626901185424,189.0,0.4891933972471933,1.0015747514272269,2.0,0.48333333333333334,0.0015747514272269278,34.33333332538605,193.77349948339486,396.41137261903157,568.0780392459618,60.36572395213134,0.4346426411972934,59.35536844644826,946.218445810251,137.60872674725715,65.4739504088958
2025-03-10,2,7.886700210571288,288.8383802155654,148.8090058256136,198.0,0.5802057150752737,1.0371976542958805,2.2360248447204967,6.933333333333333,0.027216041477388354,38.483333333333334,167.54130684913815,299.7083992213034,492.1250658879701,62.78064098150428,0.3071204164586685,45.71069293311327,766.8962632173148,141.79383363182498,54.68332541336616
2025-03-17,3,6.286500167846678,251.21752591927844,141.88981303242227,183.0,0.53113342576186,1.0,,0.0,0.0,39.68333332935969,127.00824279865284,251.21752591927844,449.6341925660769,82.54247473883066,0.3783401831246118,53.49469430656978,619.9530199463104,142.2166241293366,46.28749999552966
2025-03-24,3,10.012680267333984,322.2019477347533,138.1494231981803,198.0,0.5046058382849666,1.0178606380896458,2.0993975903614457,5.533333333333333,0.01624584067332159,36.550733153025305,165.38060728662205,328.5963744840502,511.3500402491768,52.130414128431504,0.3374492603685537,46.056264710909154,505.29683448729634,141.20612776701762,37.2626832852761
2025-03-31,3,11.56716030883789,397.85762321750326,141.38092700205377,182.0,0.5275243049791047,1.0,,0.0,0.0,85.13333331545194,208.94848690493478,397.85762321750326,823.524289794763,71.79913960303445,0.33371422225434344,47.16644276929103,569.1583971244966,142.55729226456748,49.96268328279257
2025-04-07,5,16.139160430908202,628.6747392495473,144.27561867281742,187.0,0.5480540331405489,1.0001890359168242,2.0,0.1,0.0001890359168241966,132.76641138394675,341.57699077389793,628.7796780185461,1292.6117349382798,81.49282456169622,0.33931887653719767,48.46899058554217,769.2800643870739,141.42394547636843,73.53345279544591
2025-04-14,6,20.66544055175781,776.4015329003335,140.9779764885009,192.0,0.524666499918446,1.001338688085676,2.0,0.9666666666666667,0.0013386880856760374,148.27260838747026,407.1825845283469,777.4954315969902,1518.8584735343416,76.79689304406735,0.32867432080825393,46.11939121677536,1036.5861346291401,141.19598634038812,100.68077155997355
2025-04-21,4,15.430500411987303,494.791249370575,137.80499341080724,194.0,0.5021630738355124,1.007223567393059,2.046783625730994,2.85,0.006900726392251816,62.35002913673719,247.48590303604516,498.4257936418643,810.1759393255503,54.53827264391795,0.33323670014838286,45.3980930153423,1111.2926093982335,141.10987889354482,107.13059555590152
2025-04-28,9,19.362420516967774,794.0817902247111,130.84830248653623,197.0,0.4528248403300442,1.0089419068264298,2.1131877990430623,7.300000000000001,0.007784346545740156,59.266608864068985,396.60399018650554,803.1786951564152,1099.51173947676,54.937666623663,0.3338936804098636,46.54973042121377,1180.2894718187326,138.47672276466545,100.66391444305577
2025-05-05,4,8.001000213623046,352.38158931732175,127.13055272457188,183.0,0.42645782074164457,1.0,,0.0,0.0,23.78335368235906,154.54362673273002,352.38158931732175,471.2983577291171,61.847250035615104,0.4358399241259982,55.22831793912687,974.961127516442,134.19045627760408,73.41815001765886
2025-05-12,5,15.476220413208008,542.0603943506876,141.90222101093136,191.0,0.5312214256094424,1.0068033714860536,2.0,3.666666666666667,0.006803371486053676,83.41664060354233,286.0905846687403,546.3795843296773,963.4627873473889,63.282810814147794,0.3396215276628072,47.85586401832263,836.1122059697038,134.42151740821168,57.204158071676886
2025-05-19,3,9.578340255737304,354.0041063328584,145.73839785649062,191.0,0.558428353592132,1.0153029076661308,2.0,5.066666666666666,0.015302907666130924,60.449978542327884,198.03370603516962,359.3946633886163,661.6445561002557,68.32908901703405,0.2980778465313747,43.23516787312073,798.9793601633803,136.40486851963252,56.729145423074556
2025-05-26,4,13.03020034790039,500.18196403384206,142.58572993143218,194.0,0.536069006605902,1.0065845473346753,2.072463768115942,3.3000000000000003,0.0064093300652612985,50.64166667461396,268.8447210387283,503.6494507731864,756.8577841462561,57.41357911152579,0.34920211112868127,49.69083280426095,713.3158713307542,139.3392253808565,54.572909875710806
2025-06-02,5,12.306140090942382,448.20751620133717,134.15431690083238,194.0,0.47627175106973335,1.0048589623849602,2.041666666666667,2.5166666666666666,0.004694244875488739,47.50000000198682,230.37282340438907,450.8355878830087,688.3355878929428,62.82106429882244,0.3297733129456666,45.285548136656566,767.5751788717107,141.09516642492164,60.50207145561774
2025-06-09,9,20.127780441284177,1071.1829828818638,132.05333951368107,190.0,0.4613712022246884,1.0007696474412875,2.0,0.9333333333333333,0.0007696474412876563,77.21668544212977,495.2528822765873,1072.1743828709261,1458.257810081575,80.14115212524418,0.5847455502103152,77.32371142018238,891.2739345552571,138.63294605060906,58.9520826652646
2025-06-16,7,25.730560119628905,974.6843669493993,136.62926067683546,197.0,0.49382454380734364,1.0166329892765953,2.076593923833975,13.549999999999999,0.013627414691331047,106.98316305478414,485.78741805810387,991.3792050834364,1526.295020357357,61.95459011554607,0.4764377451352169,64.10852730171504,1107.4365506195325,136.35566175569528,70.58537879337867
2025-06-23,6,20.543800201416015,739.8150124529998,135.475472338638,192.0,0.48564164779175906,1.0068968416832373,2.0,4.6,0.006896841683237284,64.28333167831103,359.7030431240962,744.7397363532722,1066.1563947448274,54.100524391574304,0.4126202075780225,55.5733521223135,1184.7612032691754,134.57809735749674,73.99579504430292
2025-06-30,5,14.872700271606444,562.3847747822603,139.70932775471903,188.0,0.51566899116822,1.0011790407748562,2.0,0.43333333333333335,0.0011790407748561286,63.36649822791417,289.9260556897878,562.8226066851107,879.6550978246814,62.14663115991503,0.45010781280813444,62.60885236883278,1232.59108075211,135.96685007096838,77.96241960078477
2025-07-07,6,19.2,717.8924657265345,137.785355366392,188.0,0.5020237969247661,1.0011788190805553,2.0,0.95,0.0011788190805552044,83.68118686079978,365.30869890726274,718.8625728288096,1137.2685071328085,61.542134789033476,0.39511708929741024,54.391145933896205,1152.3437550149183,137.39985403414613,79.57854495545227
2025-07-14,3,6.6000000000000005,348.9016900002957,129.64243217730825,193.0,0.44427256863339193,1.0015352407536637,2.0,0.55,0.0015352407536636428,24.899999990065893,157.59307432030332,349.4572250364855,473.957224986815,83.51024958162292,0.548884675636684,70.79180452553197,889.2593061722828,135.6531469092643,59.057754189272714
2025-07-21,3,6.497580093383788,284.24999561508497,126.45291232810554,176.0,0.4216518604830181,1.0,,0.0,0.0,47.69999999602636,118.8500511808287,284.24999561508497,522.7499955952168,81.37598151716689,0.5791701702119165,72.44603960979514,753.4077063848802,133.3975069066312,54.91192126870155
2025-08-04,1,3.55,148.8873666505019,126.12947976878613,175.0,0.41935801254458244,1.0,,0.0,0.0,13.983333333333333,62.43711017155102,148.8873666505019,218.80403331716855,61.634938962582694,0.468781938829377,59.127222069552246,588.194940258002,130.00254491014798,42.56613004505633
2025-08-11,3,8.092440216064453,377.671356968085,139.89629384347666,190.0,0.5169949917977067,1.00080688542227,2.0,0.3,0.0008068854222700376,47.89999999403953,194.00647756177406,377.97412776352843,617.4741277337262,76.11063561816222,0.48574373430094714,67.09919702357465,458.2463454082314,130.53027952941915,33.620833328366274
2025-08-18,4,6.743700180053709,275.62264089981716,149.61867571817427,193.0,0.5859480547388247,1.0058646616541354,2.0,1.3,0.005864661654135338,53.4164356470108,152.09184751488883,276.9353382430339,544.0175164780879,80.32914008424525,0.3931045265613162,57.423880145603476,475.76141828104966,135.52434041463565,40.7499422426025
2025-08-25,4,10.97280029296875,413.1008334259192,141.15539550584393,189.0,0.525924790821588,1.0010356255178128,2.0,0.3333333333333333,0.001035625517812759,129.66455155213674,213.67537997026454,413.46919512445015,1061.791952885134,105.15973076185315,0.3890289130281717,54.548331584456534,610.5219076035289,139.19996120907024,61.2410801316301
2025-09-01,4,12.115800323486328,598.8991288006305,143.59711492699347,198.0,0.543241949836833,1.0265641254272553,2.285971223021583,9.266666666666667,0.02065685837420122,190.1559813896815,321.1640443550702,611.424455864257,1562.2043628126644,199.29322278725854,0.6665525698321142,93.68838693909072,946.3719899774029,143.56686999862208,105.28424214571714
2025-09-08,7,16.870380386352537,678.8655254681905,136.73988540236815,173.6028678304239,0.49460911632885207,1.0,,0.0,0.0,399.9663369913896,341.8747282557417,678.8655254681905,2678.6972104251386,191.02637179717854,0.4804570867770202,64.83134565845516,1461.677760650256,142.77776788834495,193.30082639505463
2025-09-15,6,17.625060470581055,651.8829876164596,143.1357035032859,176.17898627243932,0.5399695283920987,1.0,,0.0,0.0,274.1490377585093,351.4368017597459,651.8829876164596,2022.6281764090063,118.8434548702467,0.33540022122071617,47.83296874412171,1831.3304256329855,141.15702483462286,248.4839769229293
2025-09-22,4,12.664440338134764,447.4357540647189,145.94795488426558,178.50673575043055,0.5599145736472736,1.0,,0.0,0.0,163.35185210903487,246.93962704963474,447.4357540647189,1264.1950146098932,107.5911304450529,0.3495953902320298,50.887238426509285,1881.9311910641754,142.35516467922827,256.9058020621538
2025-09-29,5,13.03020034790039,483.37611601551373,135.2472580656623,163.9376074718067,0.48402310684866884,1.0,,0.0,0.0,198.26641966501873,236.27368892863106,483.37611601551373,1474.7082143406074,113.38917173544382,0.35510185231692165,47.96248022997999,1860.057153946161,140.2677004638955,258.9334116309881
2025-10-06,3,10.469880279541016,303.96360663374264,142.44137358591493,163.78564102564098,0.5350452027369855,1.0,,0.0,0.0,210.98320424159368,162.8718004971622,303.96360663374264,1358.879627841711,133.80622408034262,0.34909958170291694,49.51412998627135,1530.1027583003042,141.69307250978218,211.68762844353913
2025-10-13,6,22.471380599975586,753.8731965819994,142.0828374786322,183.05039139036566,0.5325023934654766,1.0,,0.0,0.0,330.03924928108853,399.83069751395846,753.8731965819994,2404.069442987442,106.24776682856903,0.37099815903877803,52.31913227107146,1625.4630749449132,141.42985600361877,225.66018132418395
2025-10-20,4,14.19606037902832,458.9367760002613,135.55596104395457,166.75231719882558,0.4862124896734366,1.0,,0.0,0.0,248.51640468438467,222.71326716552278,458.9367760002613,1701.5187994221847,122.18201286548586,0.35043500248768894,47.32892064888365,1734.7940211479859,138.831857543541,246.95131946802138
2025-10-27,4,13.89888037109375,415.3610615670681,148.28638613658882,181.34610519271382,0.5764991924580768,1.0,,0.0,0.0,229.0871150414149,237.44164645448734,415.3610615670681,1560.7966367741424,112.17641034406691,0.3187966295486374,47.05252872510717,1756.3161267563698,142.09163956127264,254.65649331212043
2025-11-03,3,10.904220291137694,409.409400866429,143.71002032265713,167.79976580614783,0.5440426973238095,1.0,,0.0,0.0,267.3999157289664,220.6990480798103,409.409400866429,1746.408979511261,161.37392809200762,0.3905528609129953,55.78093713459117,1853.1984646737574,142.4088012454582,268.7606711839636
2025-11-10,6,13.716000366210935,486.463270932436,134.0409863070514,174.78730823197293,0.47546798799327245,1.0,,0.0,0.0,268.9663771271706,248.14056743657784,486.463270932436,1831.2951565682888,162.51053243042642,0.3922589613304582,51.54328145101132,1710.004893068969,140.398338452563,253.49245314548412
2025-11-17,4,14.721840393066406,493.6274494012197,145.5526973665321,174.5537056928034,0.5571113288406532,1.0,,0.0,0.0,330.9770509501298,275.4044393191797,493.6274494012197,2148.5127041518685,146.89064174795885,0.3089182703830112,44.537141546454635,1821.7533692513898,142.89752253320736,274.1076147119204
2025-11-24,4,14.76756039428711,690.1592619121075,137.15941088237224,182.97611670319318,0.4975844743430655,1.0,,0.0,0.0,233.54982942938804,306.49159363481806,690.1592619121075,1857.9084090590477,130.3629517083259,0.6387058414325005,79.56451947073728,1896.0313123226163,140.11577871965324,275.2232933089137
2025-12-01,6,20.939760559082032,771.3254651844502,137.5585878600898,157.6417910447126,0.5004155167382255,1.0,,0.0,0.0,438.2475994984309,386.77900899148074,771.3254651844502,2962.5634626766046,141.54067849251035,0.3716262326317898,51.0777584580598,2200.069933113952,138.5779206040114,317.93521425127983
2025-12-08,6,20.80260055541992,773.4363039175669,139.74941426720576,167.93248945129665,0.5159532926752181,1.0,,0.0,0.0,329.00792498985925,398.6320857766798,773.4363039175669,2418.4759288668633,114.29455059146456,0.4085667983360666,56.83347124468585,2346.865126188596,140.00502759404998,332.945601216952
2025-12-15,3,8.709660232543945,366.7488475998243,141.51441986431738,160.04388489217197,0.5284710628674992,1.0,,0.0,0.0,245.4497356414795,193.95269060245866,366.7488475998243,1593.9975258072218,183.36761376779484,0.3999641451220066,56.73312786119603,2208.236331602434,138.9954582184963,311.5637723897894
2025-12-22,3,10.929600219726563,376.05001715024315,139.615307616218,171.9635307549407,0.5150021816753049,1.0,,0.0,0.0,131.01686632037163,193.3716324620379,376.05001715024315,1031.1343487521012,95.76366188435445,0.36645398603626145,51.15837552934789,2001.5428165256976,139.60943240195775,285.9305316125353
2025-12-29,5,18.173700485229492,714.1116822838783,139.90894883022355,171.1815709606047,0.5170847434767627,1.0,,0.0,0.0,296.1847932855288,369.0166058240949,714.1116822838783,2195.0356487115223,121.41764339588553,0.36165752144057756,50.39181674206159,1809.6608630344272,140.19702264449117,250.41483005930976
2026-01-05,6,16.939260452270506,785.5320434808731,133.37768974308582,168.92979452054797,0.470763757043162,1.0,,0.0,0.0,342.1390227675438,369.3456992224784,785.5320434808731,2496.227157318592,148.80011792872804,0.4197022979516343,55.69451778484944,1829.0986701473591,138.60409151346119,253.6976045037309
2026-01-12,3,4.526280120849608,223.8196153819561,144.0430828066611,181.10247747747758,0.5464048426004333,1.0,,0.0,0.0,100.23325440088908,102.37008389612039,223.8196153819561,724.9858873864015,153.47328032627544,0.48530307074610207,64.43855078934808,1611.845760542154,139.23625724904713,217.3934841935833
2026-01-19,3,9.761220260620117,331.2459985991319,140.86568269596813,165.6917293233083,0.5238700900423271,1.0,,0.0,0.0,192.0498770316442,172.42029299324423,331.2459985991319,1291.4953837573528,137.66140672143948,0.3449797970921429,48.53707861837834,1676.936019293467,139.54885101898464,232.65173687140145
2026-01-26,4,13.418820358276367,497.8366745332877,139.02884999526464,165.98048780487807,0.5108429077678344,1.0,,0.0,0.0,325.84121608336767,252.30003778763782,497.8366745332877,2127.042754950126,159.81115883534534,0.36878269706890443,50.73972239077744,1659.9377958531177,139.32882631024492,240.06584257086115
2026-02-02,4,10.835640289306639,472.57888378302255,135.53828141560962,162.80492844573783,0.4860871022383661,1.0,,0.0,0.0,274.278861451149,228.11187441228793,472.57888378302255,1843.9731910387675,172.84191142006694,0.38662824530829637,52.30949225948808,1496.8743042831618,139.86897422837586,223.10080224176244
2026-02-09,6,19.61388052368164,754.6870118816694,143.7106912498672,172.37345679012344,0.544047455672817,1.0,,0.0,0.0,353.3164051651955,404.9735129213595,754.6870118816694,2521.2690377076465,128.81578624376473,0.34473289561020387,49.160135365222686,1945.945091863473,139.7858763391774,286.371589932839
2026-02-16,6,19.065240509033202,776.7901444812616,141.4427767088638,199.0,0.5279629553820127,1.0082126842392696,2.126780626780627,4.516666666666667,0.006189037126945758,123.01633018652598,412.0175437085784,783.4724658657594,1398.5541167983893,73.13358314822945,0.34175367175455706,48.337910308646634,1972.709775123732,139.9301498424013,269.1132032215595
2026-02-23,3,6.080760162353515,228.42462097803752,128.68108412557248,192.0,0.43745449734448577,1.0023693180422015,2.0,0.65,0.0023693180422015583,15.866388118267059,109.79208898029825,229.18793506549423,308.5198756568295,52.903670453684924,0.45612931017161684,57.55121972274896,1518.079055300408,137.34320837497827,191.61949623028434
2026-03-02,6,20.482560546875,866.7692855854829,140.2918043371058,196.0,0.5198000307596157,1.0078001431939754,2.085227272727273,4.8,0.006686392080224258,120.91663065751393,438.2527210863676,872.8470700249565,1477.4302233125263,73.80518737854332,0.3491254654812838,48.261932008180054,1426.4433133688476,138.5315891053523,153.27893853187558
2026-03-09,5,17.452660263061524,767.7836181660493,144.0276976978016,198.0,0.546295728353203,1.0082860462158543,2.0814814814814815,4.85,0.008108684074609412,90.13329365253449,409.0689349823655,773.4521505944747,1224.1186188571469,72.57741248604081,0.40223958969630347,57.79346234994637,1102.1557086562227,138.61084071733592,87.48316065371034
2026-03-16,4,12.91590034484863,497.09142515063286,139.2115986432105,194.0,0.512138997469578,1.0048937693288646,2.019607843137255,1.8,0.0047165900234075525,56.74965850512187,253.66557636118512,499.0812806519289,782.8295731775382,60.69713972392767,0.35559314149650684,49.13648594660064,948.22457275101,138.0530462009226,70.9164927333593
2026-03-23,7,17.755180191040036,737.2059417009353,136.67188725169362,193.0,0.49412685994108957,1.0057368418722852,2.0,5.383333333333333,0.00573684187228536,114.366688199838,373.561737368036,742.6922126839626,1314.5256536831525,85.00209925028362,0.4988893049301218,68.21670774439872,1199.7260172575907,140.0507469824529,95.54156775375203
2026-03-30,4,9.87084017944336,372.3137745698293,148.07769469099972,200.0,0.5750191112836859,1.040531513649223,2.224428214491639,12.233333333333334,0.03235474850002952,73.86672892173132,211.13266322132029,388.01866335247706,757.3523079611336,78.75638292367614,0.3184897086833953,46.94541109737056,1019.7065384197426,141.99721957092638,83.7790923198064
2026-04-06,5,11.18282029724121,520.0808270176252,136.5341964298728,189.0,0.49315032928987773,1.003050013560424,2.0,1.6666666666666667,0.0030500135604238903,83.699922366937,266.88068333425804,521.9288182721453,940.4284301068304,104.04021162773506,0.34709085991468935,47.00343980557145,948.7839912321634,140.12384425394416,82.17074949840702
2026-04-13,3,9.132120147705077,355.4496516525745,148.64783441148722,195.0,0.5790626554006185,1.0127262533430736,2.0085959885386817,5.933333333333333,0.01252235896036404,70.38329773346584,203.52479423929816,361.5739575290935,713.4904461964227,73.32757294828468,0.34953038125739805,51.76293065989187,931.4492094868846,142.48290319601332,85.57915930549301
2026-04-20,4,16.350300064086916,453.1045954008897,126.43801847784806,190.0,0.42154623033934796,1.000995895817626,2.0,0.31666666666666665,0.000995895817625912,26.83329043388367,189.1971695579093,453.47698819399847,587.6434403634167,40.18772871110827,0.3570304955642905,43.98974080571338,749.7286561569506,139.92443600255194,63.695809864004424
2026-04-27,5,14.264640380859374,620.7128502686818,142.65075867372457,194.0,0.5365302033597487,1.0237610963572763,2.0047745358090188,13.883333333333333,0.023494784772722356,89.8664926012357,332.56912527853456,635.465114387733,1084.7975773939115,76.39283233262339,0.36390173605614134,51.7065761477426,831.5899735151452,138.56770199823316,67.69575078388053
2026-05-04,5,9.052560241699219,430.77893051703774,132.338564994901,193.0,0.46339407797802135,1.001381196013026,2.0,0.6333333333333333,0.0013811960130261196,32.016666666666666,202.39383015259708,431.4634782251941,591.5468115585275,67.2941032171146,0.4382769618543489,56.8812537617546,744.3695688780693,137.5187941394902,54.774936858812936
2026-05-11,4,10.721340286254883,465.35653918385503,137.29525291019942,191.0,0.4985478929801377,1.0026574462235458,2.0,1.3833333333333333,0.0026574462235457222,54.22916663487752,231.68406067560173,466.76948352943555,737.9153167038231,70.11897298868021,0.3473223654633969,47.6709638406834,750.4757865049195,134.68064876416827,50.73640408416586
2026-05-18,2,4.389120117187499,315.93811463117595,107.95533076918733,163.0,0.2904633387885626,1.0,,0.0,0.0,17.283333333333335,91.75543022868167,315.93811463117595,402.3547812978427,100.74274813019088,0.7311926639438204,78.84576579520865,704.1536217385259,130.0599768370031,48.34891480902828
2026-05-25,4,10.149840270996092,499.6550249477227,133.79303054986696,195.0,0.4737094365238791,1.0110247798301513,2.0977777777777775,5.9,0.010319561212379707,65.149751329422,253.0657036480456,506.23582002503315,831.9845766721432,182.62856830677526,0.350774547346266,47.327223367305955,640.9503715580839,127.84554480603867,42.169729491074854
2026-06-01,8,23.565900344848632,1129.5784115036329,140.58707170913144,201.0,0.5218941255966768,1.0197793845556133,2.0968853178660405,16.566666666666666,0.014955828421249184,111.73328831593196,589.7226861561563,1152.495872316597,1711.1623138962566,77.72918678895513,0.48472771949351967,68.2445635708119,920.8542471425162,129.90767148459628,62.09888490339117
2026-06-08,5,19.084640075683595,902.0442905465762,131.6648569249507,190.0,0.4586160065599342,1.0030757105693389,2.0,1.8166666666666669,0.00307571056933872,81.01654079755147,385.7281149394378,904.1108966382667,1309.1936006260241,69.171977278736,0.565231136486225,71.42261220880546,1063.6738181230664,128.5000724882841,68.79572844405966
2026-06-15,4,15.888920074462892,561.3785140852133,140.9903506955264,188.0,0.5247542602519601,1.0007529810331997,2.0,0.3833333333333333,0.000752981033199639,80.39998749891917,294.50894994067613,561.7788912880321,963.7788287826279,62.29574533682417,0.41726677270088225,59.08228996710056,1204.0298299942629,136.7588274698689,84.57489198545613
